file_length,empty_space,string_count,avg_str_length,str_concatenation,minified,unused_function,return_string,Class
1676,0.13,44,10.11,0,0,0,0,Benign
497,0.27,3,6.0,7,0,1,0,Benign
2633,0.13,7,7.57,3,0,0,0,Benign
1552,0.14,43,9.77,0,0,0,0,Benign
1475,0.14,40,10.05,0,0,0,0,Benign
17838,0.09,286,13.3,22,0,3,5,Benign
31922,0.18,662,28.85,12,0,5,0,Benign
6135,0.22,228,13.01,2,0,0,0,Benign
66435,0.03,170,312.66,583,0,1,0,Benign
38454,0.09,689,9.2,353,0,22,21,Benign
13368,0.02,212,13.04,65,0,20,0,Benign
5312,0.55,34,12.03,2,0,0,0,Benign
5887,0.03,222,19.27,3,0,0,0,Benign
306,0.0,4,6.75,0,1,0,0,Benign
68395,0.12,986,9.79,258,0,34,2,Benign
29016,0.11,548,7.39,250,0,19,21,Benign
27417,0.05,523,5.92,263,0,24,21,Benign
47685,0.17,853,7.52,403,0,43,21,Benign
28424,0.06,540,6.09,263,0,24,21,Benign
47877,0.16,857,7.71,362,0,41,21,Benign
1572,0.25,24,14.21,11,0,3,0,Benign
47878,0.16,857,7.71,362,0,41,21,Benign
47883,0.16,857,7.71,362,0,41,21,Benign
47879,0.16,857,7.71,362,0,41,21,Benign
32187,0.21,397,6.47,177,0,26,0,Benign
21963,0.03,445,4.84,245,0,20,21,Benign
50524,0.02,1071,6.79,569,0,40,43,Benign
51126,0.03,1066,6.71,559,0,39,43,Benign
49677,0.02,1072,6.9,557,0,39,43,Benign
21559,0.02,445,5.84,256,0,19,21,Benign
46676,0.03,926,5.1,534,0,45,42,Benign
2584,0.26,41,12.07,5,0,1,0,Benign
4554,0.29,100,15.25,5,0,1,0,Benign
41884,0.1,732,7.49,303,0,26,21,Benign
21582,0.02,550,4.49,242,0,19,21,Benign
20323,0.02,430,4.88,242,0,19,21,Benign
24359,0.04,492,6.64,246,0,19,21,Benign
20439,0.02,429,5.23,242,0,19,21,Benign
23340,0.04,471,5.89,246,0,19,21,Benign
23348,0.04,471,5.91,246,0,19,21,Benign
23354,0.04,471,5.92,246,0,19,21,Benign
3145,0.13,37,11.24,19,0,1,0,Benign
17868,0.23,281,23.01,12,0,5,0,Benign
20408,0.02,429,5.09,242,0,19,21,Benign
23343,0.04,471,5.9,246,0,19,21,Benign
23345,0.04,471,5.9,246,0,19,21,Benign
23347,0.04,471,5.91,246,0,19,21,Benign
23344,0.04,471,5.9,246,0,19,21,Benign
23339,0.04,471,5.89,246,0,19,21,Benign
23342,0.04,471,5.9,246,0,19,21,Benign
23334,0.04,471,5.88,246,0,19,21,Benign
23341,0.04,471,5.9,246,0,19,21,Benign
67,0.22,1,19.0,0,0,0,0,Benign
4170,0.13,116,16.78,0,0,0,0,Benign
3410,0.33,46,9.0,8,0,0,0,Benign
13647,0.16,388,11.67,16,0,6,0,Benign
13818,0.17,388,12.11,16,0,6,0,Benign
3737,0.19,162,6.63,1,0,0,0,Benign
114550,0.12,1441,9.67,617,0,43,26,Benign
37226,0.03,596,6.4,351,0,28,21,Benign
20808,0.02,434,5.07,242,0,19,21,Benign
37570,0.02,723,8.43,382,0,24,21,Benign
23818,0.04,471,5.93,243,0,19,21,Benign
25257,0.04,488,6.35,243,0,19,21,Benign
20414,0.02,430,5.02,243,0,19,21,Benign
22802,0.04,466,5.23,243,0,20,21,Benign
42235,0.03,876,5.57,474,0,38,41,Benign
41090,0.02,865,5.33,474,0,38,41,Benign
20572,0.02,430,5.1,245,0,19,21,Benign
49405,0.09,944,5.03,518,0,45,41,Benign
41088,0.02,865,5.33,474,0,38,41,Benign
50949,0.03,1086,6.9,567,0,39,43,Benign
601,0.17,6,17.67,1,0,1,0,Benign
682,0.33,11,9.0,6,0,0,0,Benign
5033,0.03,207,17.41,3,0,0,0,Benign
30576,0.25,455,16.84,107,0,7,0,Benign
30570,0.25,455,16.84,107,0,7,0,Benign
33917,0.31,390,18.52,96,0,12,0,Benign
34005,0.31,393,18.81,102,0,12,0,Benign
33944,0.31,393,18.79,102,0,12,0,Benign
34031,0.31,396,18.77,102,0,12,0,Benign
34011,0.31,392,18.89,102,0,12,0,Benign
34047,0.31,394,18.89,102,0,12,0,Benign
20409,0.07,183,21.06,63,0,3,0,Benign
45204,0.57,228,18.13,82,0,3,0,Benign
20413,0.07,183,21.08,63,0,3,0,Benign
20410,0.07,183,21.07,63,0,3,0,Benign
5115,0.04,76,11.17,29,0,0,2,Benign
12332,0.06,136,10.49,57,0,7,0,Benign
26749,0.04,512,18.54,232,0,14,2,Benign
20406,0.07,183,21.04,63,0,3,0,Benign
36,0.47,0,0.0,0,0,0,0,Benign
2773,0.11,108,9.56,3,0,0,0,Benign
3013,0.07,121,7.81,3,0,0,0,Benign
2993,0.07,121,7.81,3,0,0,0,Benign
2999,0.07,121,7.78,3,0,0,0,Benign
2611,0.08,97,8.21,3,0,0,0,Benign
3001,0.07,118,8.31,3,0,0,0,Benign
2958,0.07,121,7.81,3,0,0,0,Benign
2999,0.07,118,8.33,3,0,0,0,Benign
2985,0.07,118,8.3,3,0,0,0,Benign
2992,0.07,118,8.31,3,0,0,0,Benign
2960,0.07,118,7.83,3,0,0,0,Benign
3001,0.07,118,8.22,3,0,0,0,Benign
2746,0.08,90,8.39,3,0,0,0,Benign
2538,0.08,84,8.32,3,0,0,0,Benign
2526,0.08,84,8.3,3,0,0,0,Benign
2550,0.08,84,8.35,3,0,0,0,Benign
2728,0.08,90,8.41,3,0,0,0,Benign
2545,0.08,84,8.35,3,0,0,0,Benign
2760,0.07,90,8.43,3,0,0,0,Benign
2949,0.07,116,7.92,3,0,0,0,Benign
2908,0.07,116,7.76,3,0,0,0,Benign
3078,0.07,118,9.27,3,0,0,0,Benign
3050,0.07,115,8.78,3,0,0,0,Benign
2927,0.07,114,7.94,3,0,0,0,Benign
3042,0.07,115,8.8,3,0,0,0,Benign
2715,0.07,111,7.89,3,0,0,0,Benign
3028,0.07,123,8.15,3,0,0,0,Benign
2807,0.07,110,8.86,3,0,0,0,Benign
3042,0.07,115,8.78,3,0,0,0,Benign
3053,0.07,110,8.95,3,0,0,0,Benign
2924,0.07,113,8.0,3,0,0,0,Benign
2728,0.07,106,7.96,3,0,0,0,Benign
2271,0.15,62,12.65,3,0,0,0,Benign
3084,0.07,115,9.63,3,0,0,0,Benign
3373,0.06,140,9.66,3,0,0,0,Benign
2931,0.07,115,7.97,3,0,0,0,Benign
2866,0.07,112,8.15,3,0,0,0,Benign
3003,0.09,130,8.91,3,0,0,0,Benign
2843,0.08,113,8.45,3,0,0,0,Benign
2993,0.07,118,8.52,3,0,0,0,Benign
2988,0.07,114,8.72,3,0,0,0,Benign
3023,0.07,120,8.32,3,0,0,0,Benign
2996,0.07,116,8.62,3,0,0,0,Benign
2975,0.07,117,8.5,3,0,0,0,Benign
2755,0.07,106,8.65,3,0,0,0,Benign
3033,0.07,117,8.79,3,0,0,0,Benign
2875,0.07,111,7.93,3,0,0,0,Benign
3011,0.07,119,8.49,3,0,0,0,Benign
2969,0.07,113,8.73,3,0,0,0,Benign
2868,0.07,114,7.79,3,0,0,0,Benign
2977,0.07,117,8.53,3,0,0,0,Benign
2942,0.07,113,8.53,3,0,0,0,Benign
2860,0.08,117,7.81,3,0,0,0,Benign
3113,0.07,121,8.93,3,0,0,0,Benign
2577,0.1,111,7.99,3,0,0,0,Benign
2843,0.07,111,7.89,3,0,0,0,Benign
2379,0.14,75,11.8,3,0,0,0,Benign
3093,0.07,123,8.89,3,0,0,0,Benign
2811,0.08,112,7.87,3,0,0,0,Benign
3059,0.07,119,8.64,3,0,0,0,Benign
3017,0.07,120,8.38,3,0,0,0,Benign
2283,0.15,63,12.7,3,0,0,0,Benign
2861,0.07,111,7.93,3,0,0,0,Benign
3123,0.07,120,8.77,3,0,0,0,Benign
2821,0.08,115,8.0,3,0,0,0,Benign
2371,0.11,104,7.89,3,0,0,0,Benign
2902,0.07,113,8.04,3,0,0,0,Benign
2973,0.07,121,8.32,3,0,0,0,Benign
3053,0.07,119,9.19,3,0,0,0,Benign
2968,0.07,124,8.84,3,0,0,0,Benign
3197,0.07,130,9.01,3,0,0,0,Benign
3071,0.07,119,9.13,3,0,0,0,Benign
2746,0.07,113,7.81,3,0,0,0,Benign
2983,0.07,114,8.14,3,0,0,0,Benign
2923,0.07,110,8.64,3,0,0,0,Benign
3062,0.07,119,8.47,3,0,0,0,Benign
2934,0.07,116,8.39,3,0,0,0,Benign
2889,0.07,111,8.15,3,0,0,0,Benign
2902,0.07,105,8.04,3,0,0,0,Benign
3078,0.07,115,9.29,3,0,0,0,Benign
2221,0.15,61,13.0,3,0,0,0,Benign
2912,0.07,111,8.74,3,0,0,0,Benign
2952,0.08,111,9.26,3,0,0,0,Benign
2988,0.07,117,8.62,3,0,0,0,Benign
2896,0.07,115,7.79,3,0,0,0,Benign
2822,0.07,99,8.2,3,0,0,0,Benign
3057,0.07,116,8.53,3,0,0,0,Benign
2964,0.07,119,8.61,3,0,0,0,Benign
3274,0.06,130,9.31,3,0,0,0,Benign
2936,0.07,113,8.15,3,0,0,0,Benign
2988,0.07,119,8.14,3,0,0,0,Benign
2968,0.07,118,7.74,3,0,0,0,Benign
2676,0.1,115,8.57,3,0,0,0,Benign
2772,0.09,115,8.7,3,0,0,0,Benign
21946,0.02,442,5.69,246,0,19,21,Benign
2776,0.09,115,8.65,3,0,0,0,Benign
3020,0.07,119,8.22,3,0,0,0,Benign
2291,0.15,67,12.58,3,0,0,0,Benign
2310,0.15,67,12.64,3,0,0,0,Benign
3124,0.07,119,8.99,3,0,0,0,Benign
2303,0.15,67,12.61,3,0,0,0,Benign
14511,0.06,276,24.83,95,0,7,0,Benign
38608,0.01,342,76.24,5,1,0,0,Benign
20495,0.02,429,4.96,242,0,21,21,Benign
58851,0.02,916,19.35,517,0,40,42,Benign
74306,0.36,938,7.82,513,0,38,43,Benign
8792,0.07,99,11.01,49,0,5,0,Benign
6999,0.05,53,7.11,28,0,1,0,Benign
3497,0.32,17,9.94,17,0,1,1,Benign
2583,0.26,41,12.05,5,0,1,0,Benign
2182,0.11,52,9.19,5,0,1,0,Benign
165682,0.13,1641,77.85,7,0,0,0,Benign
26473,0.04,521,6.12,275,0,21,22,Benign
20892,0.02,442,6.08,236,0,19,20,Benign
20654,0.02,442,4.94,235,0,21,20,Benign
45893,0.02,935,5.78,499,0,34,43,Benign
959,0.46,5,29.8,0,0,0,0,Benign
1355,0.37,11,22.18,4,0,0,0,Benign
31641,0.05,589,12.4,256,0,19,21,Benign
40590,0.13,686,6.44,275,0,21,22,Benign
960,0.46,5,29.8,0,0,0,0,Benign
33818,0.12,574,6.69,258,0,19,22,Benign
141,0.2,3,5.33,0,0,0,0,Benign
52974,0.11,1078,24.92,57,0,4,0,Benign
161,0.3,3,5.33,0,0,0,0,Benign
17959,0.02,398,4.35,226,0,19,20,Benign
18944,0.02,428,4.69,261,0,20,20,Benign
39219,0.09,695,9.96,353,0,22,21,Benign
17956,0.02,398,4.34,226,0,19,20,Benign
661,0.06,18,6.33,9,0,1,0,Benign
1802,0.4,23,12.0,0,0,0,0,Benign
31,0.06,0,0.0,0,1,0,0,Benign
32,0.06,0,0.0,0,1,0,0,Benign
63824,0.03,4091,8.59,16,0,1,1,Benign
62992,0.03,4031,8.65,16,0,1,1,Benign
61494,0.03,3911,8.69,16,0,1,1,Benign
60535,0.03,3881,8.56,16,0,1,1,Benign
63910,0.02,4151,8.45,16,0,1,1,Benign
66173,0.03,4211,8.75,16,0,1,1,Benign
59418,0.03,3761,8.72,16,0,1,1,Benign
67511,0.02,4331,8.62,16,0,1,1,Benign
137,0.43,1,0.0,0,0,0,0,Benign
6521,0.08,104,13.48,39,0,7,0,Benign
60759,0.03,3941,8.43,16,0,1,1,Benign
4230,0.03,208,14.57,3,0,0,0,Benign
12204,0.44,155,11.0,18,0,0,0,Benign
66293,0.03,4121,9.05,16,0,1,1,Benign
5131,0.44,52,9.62,38,0,0,0,Benign
2110,0.26,29,21.14,0,0,0,0,Benign
318,0.03,5,45.8,0,0,0,0,Benign
1521,0.17,25,28.4,3,0,0,0,Benign
1727,0.25,25,15.84,6,0,1,0,Benign
11313,0.3,155,11.52,14,0,4,0,Benign
8170,0.27,116,12.82,45,0,2,0,Benign
12512,0.31,177,19.19,83,0,3,0,Benign
7219,0.28,85,22.24,27,0,1,0,Benign
3216,0.06,41,14.51,11,0,0,0,Benign
136,0.32,1,10.0,0,0,0,0,Benign
39068,0.09,689,9.39,354,0,22,21,Benign
833,0.04,12,11.75,0,0,0,0,Benign
1341,0.21,23,9.13,11,0,1,0,Benign
2723,0.14,16,105.06,6,0,0,0,Benign
21459,0.3,210,18.58,12,0,8,0,Benign
7803,0.24,130,7.42,30,0,4,0,Benign
8688,0.33,130,13.53,18,0,4,0,Benign
2096,0.26,20,18.35,2,0,0,0,Benign
4198,0.18,74,8.91,5,0,3,0,Benign
1241,0.27,10,11.7,1,0,2,0,Benign
2166,0.14,34,9.88,4,0,0,0,Benign
25534,0.08,493,5.4,249,0,21,21,Benign
23845,0.02,473,5.3,243,0,19,21,Benign
45000,0.24,613,7.55,252,0,21,21,Benign
20239,0.02,427,4.89,242,0,19,21,Benign
27747,0.06,516,6.63,269,0,19,21,Benign
23766,0.04,471,5.82,243,0,19,21,Benign
21102,0.02,435,5.04,246,0,19,21,Benign
31805,0.07,560,7.77,298,0,19,23,Benign
5696,0.03,200,21.05,3,0,0,0,Benign
38799,0.13,629,7.65,271,0,19,22,Benign
54028,0.09,838,7.09,326,0,22,22,Benign
29842,0.1,539,9.16,326,0,25,22,Benign
53827,0.06,1019,7.22,496,0,39,41,Benign
43825,0.01,1459,10.11,245,0,20,21,Benign
2365,0.06,42,11.12,10,0,1,0,Benign
31211,0.07,627,9.36,274,0,22,22,Benign
29535,0.03,632,6.95,415,0,26,21,Benign
29584,0.07,547,5.75,294,0,20,21,Benign
28965,0.12,498,6.24,247,0,19,21,Benign
23992,0.03,471,5.21,242,0,19,21,Benign
24051,0.03,473,5.2,242,0,19,21,Benign
31313,0.07,575,5.96,304,0,21,21,Benign
7619,0.03,224,25.72,3,0,0,0,Benign
4390,0.02,218,14.45,3,0,0,0,Benign
5067,0.03,215,16.61,3,0,0,0,Benign
23936,0.03,467,5.24,242,0,19,21,Benign
2240,0.2,35,20.46,3,0,0,0,Benign
3305,0.27,49,14.69,4,0,0,0,Benign
192,0.18,3,19.0,0,0,0,0,Benign
6436,0.23,115,24.86,3,0,0,0,Benign
8932,0.25,153,23.41,7,0,0,0,Benign
5986,0.24,114,25.95,3,0,0,0,Benign
5659,0.24,105,25.92,3,0,0,0,Benign
6319,0.21,126,25.17,3,0,0,0,Benign
5991,0.27,100,13.81,6,0,2,0,Benign
6907,0.23,138,22.91,7,0,0,1,Benign
13891,0.24,192,20.04,42,0,6,1,Benign
962,0.1,24,9.5,6,0,0,0,Benign
856,0.06,4,96.0,0,0,0,0,Benign
23719,0.04,482,5.61,249,0,20,21,Benign
22656,0.02,455,5.4,242,0,19,21,Benign
39510,0.13,635,7.87,271,0,20,22,Benign
32260,0.05,519,11.45,262,0,23,22,Benign
30764,0.13,538,7.47,243,0,19,21,Benign
32601,0.05,547,5.68,325,0,19,21,Benign
25493,0.03,473,5.52,242,0,19,21,Benign
39514,0.13,635,7.88,271,0,20,22,Benign
7441,0.08,102,30.82,22,0,1,1,Benign
4730,0.15,81,19.27,7,0,1,0,Benign
57075,0.1,1019,7.76,474,0,38,41,Benign
36154,0.14,610,5.9,248,0,21,21,Benign
27340,0.17,480,5.56,242,0,19,21,Benign
22376,0.02,470,5.44,263,0,19,21,Benign
65627,0.09,1218,8.61,553,0,39,43,Benign
20732,0.02,442,5.06,250,0,19,21,Benign
44858,0.05,899,5.99,474,0,38,41,Benign
38401,0.02,827,4.72,471,0,38,41,Benign
3376,0.12,59,28.46,0,0,0,0,Benign
3386,0.12,59,28.46,0,0,0,0,Benign
4277,0.03,212,14.52,3,0,0,0,Benign
3377,0.12,59,28.46,0,0,0,0,Benign
3396,0.12,59,28.46,0,0,0,0,Benign
1601,0.02,40,4.4,30,0,2,0,Benign
67939,0.07,1353,7.95,415,0,41,28,Benign
26535,0.08,496,5.72,249,0,19,21,Benign
54290,0.17,835,8.74,404,0,32,21,Benign
21321,0.03,436,5.03,244,0,20,21,Benign
22704,0.02,521,5.01,258,0,19,22,Benign
20992,0.02,444,5.0,263,0,21,21,Benign
28524,0.09,526,6.04,296,0,23,21,Benign
25765,0.06,505,6.99,256,0,25,21,Benign
49396,0.06,1016,10.22,314,0,26,23,Benign
9314,0.03,104,9.35,45,0,1,0,Benign
27704,0.04,558,6.38,256,0,23,21,Benign
46954,0.02,938,5.39,529,0,39,42,Benign
9251,0.27,101,11.41,27,0,0,1,Benign
22621,0.05,436,5.01,253,0,19,21,Benign
46668,0.15,635,12.3,316,0,21,22,Benign
40288,0.13,587,12.46,312,0,20,22,Benign
46765,0.15,637,12.3,316,0,21,22,Benign
47235,0.26,703,13.79,250,0,22,21,Benign
34291,0.04,655,7.75,317,0,28,21,Benign
29206,0.05,548,6.68,276,0,22,21,Benign
4122,0.02,211,13.91,3,0,0,0,Benign
50143,0.03,979,5.78,563,0,39,42,Benign
39541,0.09,721,9.26,355,0,22,21,Benign
24625,0.07,462,4.78,264,0,21,21,Benign
30121,0.17,505,5.3,243,0,19,21,Benign
379413,0.0,35295,6.54,166,0,7,1,Benign
43049,0.13,620,11.01,303,0,23,23,Benign
20973,0.02,434,5.8,247,0,19,21,Benign
27872,0.05,488,4.83,270,0,25,21,Benign
4216,0.03,211,14.28,3,0,0,0,Benign
4223,0.03,210,14.44,3,0,0,0,Benign
6075,0.03,209,20.85,3,0,0,0,Benign
6312,0.16,63,30.92,20,0,0,0,Benign
1828,0.09,33,20.09,3,0,0,0,Benign
11990,0.33,76,41.63,24,0,0,0,Benign
239,0.07,3,23.67,0,0,0,0,Benign
20483,0.02,430,4.96,242,0,19,21,Benign
30082,0.08,560,7.24,332,0,23,22,Benign
48751,0.15,799,7.82,307,0,34,22,Benign
23590,0.07,463,5.52,248,0,21,21,Benign
30090,0.08,560,7.26,332,0,23,22,Benign
22804,0.04,463,5.16,243,0,19,21,Benign
30085,0.08,560,7.25,332,0,23,22,Benign
22128,0.04,447,4.98,243,0,20,21,Benign
26994,0.08,523,7.87,267,0,21,21,Benign
20885,0.02,439,5.19,242,0,19,21,Benign
30081,0.08,560,7.24,332,0,23,22,Benign
30086,0.08,560,7.25,332,0,23,22,Benign
30088,0.08,560,7.25,332,0,23,22,Benign
30083,0.08,560,7.24,332,0,23,22,Benign
30093,0.08,560,7.26,332,0,23,22,Benign
30078,0.08,560,7.24,332,0,23,22,Benign
30079,0.08,560,7.24,332,0,23,22,Benign
30089,0.08,560,7.26,332,0,23,22,Benign
30084,0.08,560,7.25,332,0,23,22,Benign
48225,0.02,965,5.99,515,0,34,44,Benign
30106,0.08,560,7.29,332,0,23,22,Benign
30087,0.08,560,7.25,332,0,23,22,Benign
30091,0.08,560,7.26,332,0,23,22,Benign
30111,0.08,560,7.29,332,0,23,22,Benign
30092,0.08,560,7.26,332,0,23,22,Benign
30175,0.11,512,6.28,264,0,25,21,Benign
30109,0.08,560,7.29,332,0,23,22,Benign
30099,0.08,560,7.27,332,0,23,22,Benign
30097,0.08,560,7.27,332,0,23,22,Benign
30095,0.08,560,7.27,332,0,23,22,Benign
24215,0.08,473,5.58,258,0,23,21,Benign
22627,0.05,478,5.15,244,0,20,21,Benign
22131,0.02,465,5.22,264,0,21,21,Benign
20893,0.02,440,5.09,243,0,20,21,Benign
45248,0.02,968,9.55,506,0,40,41,Benign
67633,0.17,1078,10.04,467,0,24,22,Benign
32077,0.06,645,12.21,248,0,19,21,Benign
21793,0.04,445,5.11,251,0,19,21,Benign
30359,0.18,541,6.61,248,0,19,21,Benign
27435,0.06,491,5.83,227,0,22,20,Benign
24693,0.01,1432,10.57,3,0,0,0,Benign
18833,0.03,407,4.51,226,0,19,20,Benign
27844,0.19,462,5.58,227,0,21,20,Benign
40756,0.02,801,4.98,476,0,33,43,Benign
1790,0.13,71,9.69,0,0,0,0,Benign
1796,0.13,71,9.77,0,0,0,0,Benign
3191,0.21,62,16.58,6,0,0,0,Benign
199,0.18,2,21.5,0,0,0,0,Benign
576,0.01,36,9.17,0,1,0,0,Benign
11236,0.11,233,16.7,21,0,0,4,Benign
38317,0.09,689,9.35,353,0,22,21,Benign
39075,0.09,687,9.49,354,0,22,21,Benign
38371,0.09,666,9.06,322,0,22,21,Benign
75839,0.01,1030,34.24,0,1,0,0,Benign
15237,0.39,166,9.43,93,0,5,0,Benign
36701,0.09,652,8.25,325,0,21,21,Benign
539,0.18,7,23.71,1,0,0,0,Benign
1172,0.33,13,15.54,4,0,0,0,Benign
38515,0.09,687,9.69,353,0,22,21,Benign
27230,0.12,481,5.15,260,0,19,21,Benign
39260,0.09,685,9.33,354,0,22,21,Benign
2343,0.13,29,13.21,4,0,0,0,Benign
1717,0.13,32,14.34,6,0,0,0,Benign
15759,0.29,219,10.34,18,0,3,0,Benign
1454,0.02,8,6.38,8,1,0,0,Benign
1780,0.01,29,15.76,4,1,0,0,Benign
5340,0.19,112,25.96,2,0,1,0,Benign
38542,0.09,696,9.51,353,0,22,21,Benign
9787,0.27,115,8.96,48,0,1,0,Benign
38549,0.09,691,9.45,353,0,22,21,Benign
1515,0.23,16,6.19,9,0,2,0,Benign
3583,0.01,192,12.92,3,0,0,0,Benign
677,0.0,28,15.11,1,1,0,0,Benign
1066,0.09,20,14.75,0,0,0,0,Benign
1709,0.17,30,12.53,0,0,0,0,Benign
3205,0.24,77,11.88,0,0,0,0,Benign
3201,0.25,77,11.83,0,0,0,0,Benign
3177,0.25,77,11.52,0,0,0,0,Benign
3191,0.25,77,11.7,0,0,0,0,Benign
3163,0.25,77,11.34,0,0,0,0,Benign
3216,0.25,77,12.03,0,0,0,0,Benign
3198,0.25,77,11.79,0,0,0,0,Benign
3188,0.25,77,11.66,0,0,0,0,Benign
3000,0.25,71,12.15,0,0,0,0,Benign
1247,0.09,27,12.33,0,0,0,0,Benign
1320,0.11,22,14.95,0,0,0,0,Benign
703,0.29,6,7.17,7,0,1,0,Benign
38214,0.09,691,9.14,323,0,22,21,Benign
9820,0.36,139,12.05,37,0,4,1,Benign
7596,0.01,349,12.19,4,0,1,0,Benign
1368,0.31,18,8.67,1,0,0,0,Benign
2471,0.06,7,10.71,3,0,0,0,Benign
5041,0.02,228,15.63,3,0,0,0,Benign
39474,0.09,689,9.94,354,0,22,21,Benign
19970,0.03,423,5.36,222,0,19,19,Benign
38043,0.09,664,8.73,322,0,22,21,Benign
3129,0.16,44,15.98,4,0,0,0,Benign
19971,0.03,423,5.36,222,0,19,19,Benign
20051,0.03,423,5.55,222,0,19,19,Benign
12782,0.21,181,16.27,29,0,1,0,Benign
13954,0.1,199,12.7,71,0,8,0,Benign
8746,0.09,117,13.88,48,0,3,0,Benign
8745,0.09,117,13.88,48,0,3,0,Benign
8756,0.09,117,13.88,48,0,3,0,Benign
4992,0.02,92,7.71,60,0,2,0,Benign
909,0.07,52,5.81,0,0,0,0,Benign
1456,0.38,4,16.75,0,0,0,0,Benign
22982,0.16,349,7.51,88,0,6,0,Benign
4212,0.03,221,13.52,3,0,0,0,Benign
2106,0.36,27,10.44,9,0,1,0,Benign
4676,0.02,203,16.05,3,0,0,0,Benign
26,0.12,0,0.0,0,1,0,0,Benign
4253,0.03,205,15.09,3,0,0,0,Benign
2582,0.26,41,12.02,5,0,1,0,Benign
185,0.18,3,12.0,0,0,0,0,Benign
325,0.22,5,19.0,0,0,0,0,Benign
3371,0.17,21,18.24,8,0,0,0,Benign
38200,0.09,689,9.22,353,0,22,21,Benign
2193,0.27,21,12.33,1,0,1,0,Benign
30916,0.13,586,7.61,300,0,21,21,Benign
42518,0.19,663,7.74,303,0,23,22,Benign
22408,0.03,447,5.24,247,0,19,21,Benign
26063,0.06,533,7.14,259,0,19,22,Benign
22162,0.03,450,6.43,246,0,19,21,Benign
50271,0.02,1075,30.61,38,1,2,0,Benign
110866,0.01,2670,26.49,94,1,2,0,Benign
96607,0.01,2452,25.61,117,1,2,0,Benign
415673,0.04,5488,60.01,163,1,2,0,Benign
49804,0.02,1058,30.95,40,1,2,0,Benign
44135,0.0,1414,16.22,39,1,2,0,Benign
122431,0.01,2625,33.35,89,1,2,0,Benign
51601,0.02,1118,30.44,39,1,2,0,Benign
130547,0.03,2383,39.72,104,1,2,0,Benign
50864,0.02,1152,28.91,41,1,2,0,Benign
52754,0.02,1120,30.33,40,1,2,0,Benign
81244,0.01,1674,27.02,47,1,2,0,Benign
84766,0.02,2326,22.31,69,1,2,0,Benign
1113,0.34,9,22.78,0,0,0,0,Benign
547,0.13,9,20.89,4,0,0,0,Benign
6418,0.19,80,17.98,25,0,0,0,Benign
1471,0.16,23,29.61,3,0,0,0,Benign
8462,0.25,75,42.27,23,0,1,1,Benign
22959,0.03,464,5.22,248,0,19,21,Benign
4170,0.03,205,14.68,3,0,0,0,Benign
35952,0.06,634,7.36,307,0,20,22,Benign
34735,0.05,627,7.44,306,0,20,22,Benign
109435,0.02,3143,30.14,2,0,0,0,Benign
39734,0.06,662,10.71,282,0,23,23,Benign
1603,0.01,40,4.53,30,0,2,0,Benign
4,1.0,0,0.0,0,1,0,0,Benign
4215,0.03,204,15.04,3,0,0,0,Benign
1867,0.26,31,6.03,7,0,0,0,Benign
7090,0.15,139,10.05,72,0,3,0,Benign
4220,0.03,206,14.85,3,0,0,0,Benign
2014,0.12,60,7.85,2,0,0,0,Benign
38490,0.09,687,9.17,353,0,22,21,Benign
6761,0.18,153,6.44,79,0,2,0,Benign
902,0.16,8,15.88,7,0,0,0,Benign
1336,0.2,17,13.94,1,0,0,0,Benign
1836,0.12,56,8.13,1,0,0,0,Benign
6290,0.04,127,8.54,34,0,1,0,Benign
27174,0.03,780,27.91,3,0,1,0,Benign
6436,0.03,256,15.33,0,0,0,0,Benign
431,0.19,11,5.73,1,0,0,0,Benign
4533,0.04,158,5.91,22,0,0,0,Benign
23056,0.03,457,5.69,242,0,19,21,Benign
23421,0.03,465,5.83,246,0,19,21,Benign
24425,0.03,479,6.48,246,0,19,21,Benign
22985,0.02,475,6.22,246,0,19,21,Benign
22099,0.02,462,5.67,246,0,19,21,Benign
23539,0.03,466,5.95,246,0,19,21,Benign
22982,0.02,475,6.21,246,0,19,21,Benign
23055,0.02,475,6.36,246,0,19,21,Benign
23015,0.03,457,5.69,242,0,19,21,Benign
48264,0.02,965,5.99,515,0,34,44,Benign
26230,0.03,505,7.44,246,0,19,21,Benign
32058,0.1,518,5.52,296,0,19,22,Benign
23835,0.03,470,6.1,242,0,19,21,Benign
59550,0.07,1298,9.73,1007,0,35,21,Benign
23379,0.03,465,5.83,246,0,19,21,Benign
22175,0.02,467,5.66,250,0,19,21,Benign
24472,0.03,479,6.58,246,0,19,21,Benign
23536,0.03,466,5.94,246,0,19,21,Benign
22240,0.02,462,6.47,255,0,22,21,Benign
23548,0.03,466,5.97,246,0,19,21,Benign
23545,0.03,466,5.96,246,0,19,21,Benign
24046,0.03,471,6.18,246,0,19,21,Benign
25042,0.04,481,6.58,246,0,19,21,Benign
23385,0.03,465,5.85,246,0,19,21,Benign
22972,0.03,457,5.69,242,0,19,21,Benign
23512,0.05,466,5.48,246,0,22,21,Benign
23499,0.05,466,5.45,246,0,22,21,Benign
23540,0.05,466,5.54,246,0,22,21,Benign
23538,0.05,466,5.54,246,0,22,21,Benign
25590,0.05,494,6.07,262,0,20,21,Benign
24421,0.03,479,6.47,246,0,19,21,Benign
22096,0.02,462,5.67,246,0,19,21,Benign
23605,0.02,454,6.04,256,0,23,21,Benign
2851,0.3,38,9.21,2,0,2,0,Benign
470,0.03,11,17.36,6,0,0,0,Benign
6565,0.06,111,17.7,70,0,5,0,Benign
3985,0.03,195,14.66,3,0,0,0,Benign
2034,0.1,27,6.41,6,0,0,0,Benign
13340,0.32,135,15.99,25,0,3,0,Benign
90,0.01,1,8.0,0,0,0,0,Benign
25282,0.14,386,12.16,181,0,5,3,Benign
39357,0.06,634,8.41,357,0,23,22,Benign
3921,0.29,64,16.95,7,0,0,0,Benign
48836,0.02,1803,20.41,7,0,0,0,Benign
548,0.33,5,12.0,1,0,0,0,Benign
2342,0.01,46,16.93,7,1,0,0,Benign
5693,0.34,79,9.73,44,0,0,0,Benign
2213,0.2,38,9.68,10,0,0,0,Benign
9494,0.18,155,20.54,3,0,1,0,Benign
16922,0.15,318,22.46,69,0,2,1,Benign
2286,0.05,35,22.66,1,0,0,0,Benign
4920,0.03,213,16.25,3,0,0,0,Benign
5441,0.03,239,17.06,3,0,0,0,Benign
1740,0.31,25,6.88,5,0,1,0,Benign
15723,0.34,343,8.13,8,0,4,0,Benign
6922,0.36,41,14.24,3,0,3,0,Benign
1302,0.03,15,16.87,4,0,2,0,Benign
1307,0.04,15,16.87,4,0,2,0,Benign
5280,0.02,236,16.14,3,0,0,0,Benign
2510,0.05,54,10.5,15,0,1,0,Benign
32812,0.07,275,11.6,143,0,3,1,Benign
256,0.01,8,6.5,0,1,0,0,Benign
4153,0.03,202,14.91,3,0,0,0,Benign
23657,0.03,485,8.12,278,0,5,13,Benign
15625,0.22,245,19.48,76,0,3,1,Benign
10090,0.03,126,15.98,87,0,6,0,Benign
15725,0.22,245,19.89,76,0,3,1,Benign
25622,0.09,477,8.47,246,0,19,21,Benign
12655,0.04,312,9.9,181,0,14,8,Benign
22324,0.02,492,8.09,309,0,26,13,Benign
39753,0.09,680,9.94,334,0,22,21,Benign
321,0.01,4,11.25,0,1,0,0,Benign
400,0.19,6,18.17,0,0,0,0,Benign
43078,0.09,753,11.83,339,0,25,21,Benign
1425,0.11,34,9.03,7,0,0,0,Benign
6898,0.3,87,6.3,18,0,4,0,Benign
3889,0.01,199,13.75,3,0,0,0,Benign
3587,0.04,76,9.38,2,0,0,0,Benign
1065,0.09,20,14.75,0,0,0,0,Benign
12184,0.04,152,10.72,86,0,5,0,Benign
37141,0.09,667,8.22,333,0,21,21,Benign
915,0.29,4,18.0,0,0,1,0,Benign
7162,0.25,145,11.62,20,0,1,0,Benign
27108,0.09,508,5.78,267,0,22,21,Benign
2054,0.0,58,10.81,0,1,0,0,Benign
35439,0.15,528,27.56,88,0,2,1,Benign
10652,0.28,87,13.78,72,0,0,0,Benign
35604,0.15,528,27.75,88,0,2,1,Benign
35287,0.15,528,27.52,88,0,2,1,Benign
34411,0.16,550,24.5,88,0,2,1,Benign
32270,0.17,418,25.3,88,0,2,1,Benign
30190,0.18,396,24.09,88,0,2,1,Benign
33360,0.16,418,25.74,88,0,2,1,Benign
36493,0.15,484,27.56,88,0,2,1,Benign
34110,0.16,418,26.09,88,0,2,1,Benign
28474,0.19,396,23.38,88,0,2,1,Benign
46518,0.12,550,30.95,88,0,2,1,Benign
40254,0.14,484,28.87,88,0,2,1,Benign
29481,0.19,396,23.76,88,0,2,1,Benign
33568,0.16,418,25.77,88,0,2,1,Benign
10606,0.28,87,13.62,72,0,0,0,Benign
34393,0.16,377,25.57,88,0,2,1,Benign
35202,0.16,399,26.25,88,0,2,1,Benign
27009,0.2,355,20.58,88,0,2,1,Benign
34940,0.16,443,25.44,88,0,2,1,Benign
28968,0.19,377,23.06,88,0,2,1,Benign
29721,0.18,377,23.4,88,0,2,1,Benign
30103,0.18,377,23.62,88,0,2,1,Benign
28580,0.19,355,22.42,88,0,2,1,Benign
28823,0.19,377,23.3,88,0,2,1,Benign
31168,0.18,399,24.48,88,0,2,1,Benign
30038,0.18,377,23.56,88,0,2,1,Benign
31279,0.18,377,24.12,88,0,2,1,Benign
27286,0.2,355,20.9,88,0,2,1,Benign
29705,0.18,377,23.48,88,0,2,1,Benign
27669,0.2,355,21.95,88,0,2,1,Benign
35296,0.16,487,25.26,88,0,2,1,Benign
38170,0.14,465,28.3,88,0,2,1,Benign
33535,0.16,462,25.38,88,0,2,1,Benign
31587,0.17,421,24.96,88,0,2,1,Benign
28197,0.19,377,21.63,88,0,2,1,Benign
39378,0.14,509,26.67,88,0,2,1,Benign
38311,0.14,528,27.28,88,0,2,1,Benign
34087,0.16,462,27.15,88,0,2,1,Benign
29896,0.18,396,24.54,88,0,2,1,Benign
32431,0.17,440,26.32,88,0,2,1,Benign
34510,0.16,462,27.3,88,0,2,1,Benign
33372,0.16,462,25.27,88,0,2,1,Benign
31844,0.17,440,24.62,88,0,2,1,Benign
33570,0.16,462,25.33,88,0,2,1,Benign
33628,0.16,462,25.35,88,0,2,1,Benign
10607,0.28,87,13.63,72,0,0,0,Benign
32176,0.16,378,26.36,84,0,2,1,Benign
38433,0.14,444,28.9,84,0,2,1,Benign
28610,0.19,378,24.2,84,0,2,1,Benign
40906,0.13,378,37.43,84,0,2,1,Benign
58136,0.09,642,34.82,84,0,2,1,Benign
39897,0.13,510,29.97,84,0,2,1,Benign
53105,0.1,642,33.45,84,0,2,1,Benign
68033,0.08,576,38.82,84,0,2,1,Benign
39072,0.14,378,34.05,84,0,2,1,Benign
35175,0.15,466,27.9,84,0,2,1,Benign
28787,0.18,378,24.13,84,0,2,1,Benign
28089,0.19,378,23.9,84,0,2,1,Benign
26824,0.2,347,22.09,88,0,2,1,Benign
34602,0.15,501,28.09,88,0,2,1,Benign
43425,0.12,479,30.87,88,0,2,1,Benign
31048,0.17,435,25.68,88,0,2,1,Benign
33400,0.16,456,27.45,88,0,2,1,Benign
31772,0.17,408,26.07,88,0,2,1,Benign
31913,0.17,432,26.33,88,0,2,1,Benign
28489,0.19,360,23.43,88,0,2,1,Benign
27264,0.2,336,22.19,88,0,2,1,Benign
26957,0.2,360,22.58,88,0,2,1,Benign
35614,0.15,480,28.25,88,0,2,1,Benign
10647,0.28,87,13.72,72,0,0,0,Benign
29375,0.19,408,24.85,88,0,2,1,Benign
28037,0.19,360,23.22,88,0,2,1,Benign
29749,0.18,384,24.66,88,0,2,1,Benign
31122,0.18,384,25.17,88,0,2,1,Benign
54556,0.1,800,33.22,90,0,2,1,Benign
336182,0.02,3440,46.41,90,0,2,1,Benign
66721,0.08,932,35.15,120,0,2,1,Benign
45975,0.12,646,31.34,90,0,2,1,Benign
29515,0.18,374,22.54,88,0,2,1,Benign
38700,0.14,558,28.83,90,0,2,1,Benign
57232,0.1,822,33.62,90,0,2,1,Benign
26032,0.21,338,20.83,90,0,2,1,Benign
33765,0.16,418,26.13,88,0,2,1,Benign
36037,0.15,506,27.76,88,0,2,1,Benign
10620,0.28,87,13.78,72,0,0,0,Benign
34985,0.16,484,27.38,88,0,2,1,Benign
12822,0.19,172,7.2,81,0,3,0,Benign
6827,0.22,121,7.56,51,0,3,0,Benign
1849,0.23,41,5.12,17,0,1,0,Benign
108,0.04,10,4.7,0,0,0,0,Benign
28012,0.34,345,11.32,137,0,8,0,Benign
9121,0.17,209,6.15,73,0,3,0,Benign
7596,0.14,150,11.46,94,0,2,0,Benign
4552,0.23,106,3.64,27,0,1,0,Benign
3795,0.06,38,7.74,18,0,0,0,Benign
128836,0.3,3700,12.2,292,0,21,21,Benign
31243,0.14,536,9.01,266,0,19,21,Benign
27905,0.09,498,5.25,242,0,19,21,Benign
37893,0.09,686,8.91,353,0,22,21,Benign
40960,0.06,665,8.36,365,0,22,22,Benign
53668,0.15,715,8.53,439,0,22,21,Benign
41696,0.06,670,7.87,382,0,22,21,Benign
26863,0.11,471,5.16,259,0,19,21,Benign
22772,0.02,472,6.8,277,0,20,21,Benign
34896,0.15,580,10.04,274,0,20,21,Benign
24036,0.06,469,6.28,252,0,19,21,Benign
29854,0.14,524,6.79,266,0,19,21,Benign
27021,0.03,510,6.76,270,0,19,21,Benign
30080,0.04,536,6.75,267,0,21,22,Benign
28095,0.13,506,6.36,262,0,19,21,Benign
27755,0.12,508,6.45,260,0,19,21,Benign
29543,0.14,523,6.93,266,0,19,21,Benign
28351,0.13,513,6.61,262,0,19,21,Benign
1563,0.07,13,4.54,0,1,0,0,Benign
1750,0.06,13,18.92,0,1,0,0,Benign
1552,0.07,13,3.69,0,1,0,0,Benign
1363,0.07,13,3.77,0,1,0,0,Benign
1612,0.06,13,8.31,0,1,0,0,Benign
1662,0.06,13,12.15,0,1,0,0,Benign
1553,0.07,13,3.77,0,1,0,0,Benign
1753,0.06,13,19.15,0,1,0,0,Benign
1549,0.07,13,3.46,0,1,0,0,Benign
1384,0.04,21,10.95,1,0,0,0,Benign
6625,0.41,114,6.18,26,0,2,0,Benign
5070,0.4,104,6.65,18,0,1,0,Benign
1612,0.02,40,4.53,30,0,2,0,Benign
15090,0.06,195,37.29,12,0,1,2,Benign
13015,0.05,170,41.09,3,0,0,0,Benign
8103,0.06,124,39.06,2,0,0,0,Benign
13007,0.05,170,41.04,3,0,0,0,Benign
13133,0.05,170,41.78,3,0,0,0,Benign
13046,0.05,170,41.27,3,0,0,0,Benign
15114,0.06,195,37.42,12,0,1,2,Benign
9335,0.06,137,38.77,2,0,0,0,Benign
285,0.15,2,29.0,0,0,0,0,Benign
5081,0.02,242,15.73,3,0,0,0,Benign
28840,0.02,709,9.43,515,0,21,20,Benign
37056,0.09,668,8.5,323,0,21,21,Benign
44463,0.04,673,5.74,341,0,22,21,Benign
36140,0.16,576,6.35,283,0,21,24,Benign
71327,0.23,783,5.82,429,0,23,21,Benign
76535,0.23,1023,8.51,396,0,34,21,Benign
35887,0.24,546,6.86,256,0,25,21,Benign
4268,0.19,62,12.61,4,0,1,0,Benign
26893,0.11,480,5.14,260,0,19,21,Benign
584,0.42,27,5.52,0,0,0,0,Benign
884,0.23,4,7.75,3,0,0,0,Benign
12620,0.29,169,16.69,23,0,0,0,Benign
6671,0.06,58,10.81,20,0,1,0,Benign
4740,0.33,34,8.41,9,0,1,0,Benign
41263,0.09,706,9.58,354,0,22,21,Benign
11971,0.27,101,12.14,20,0,1,0,Benign
11964,0.27,101,12.07,20,0,1,0,Benign
11965,0.27,101,12.08,20,0,1,0,Benign
30710,0.07,550,11.98,264,0,19,22,Benign
34747,0.12,627,8.83,372,0,25,21,Benign
30713,0.07,550,11.98,264,0,19,22,Benign
22931,0.06,465,5.2,244,0,19,21,Benign
30714,0.07,550,11.98,264,0,19,22,Benign
20416,0.02,430,4.89,243,0,19,21,Benign
30711,0.07,550,11.98,264,0,19,22,Benign
22899,0.05,476,5.42,247,0,19,21,Benign
25332,0.09,492,5.58,244,0,19,21,Benign
25290,0.08,486,5.65,244,0,19,21,Benign
1370,0.31,18,8.78,1,0,0,0,Benign
1366,0.31,18,8.56,1,0,0,0,Benign
23007,0.06,472,5.15,244,0,19,21,Benign
23061,0.06,459,5.79,242,0,19,21,Benign
4723,0.15,81,19.19,7,0,1,0,Benign
4225,0.16,67,19.64,7,0,1,0,Benign
4733,0.15,81,19.31,7,0,1,0,Benign
3847,0.16,61,20.3,3,0,1,0,Benign
5311,0.28,109,11.82,0,0,0,0,Benign
3890,0.34,84,9.86,0,0,0,0,Benign
4080,0.31,72,12.49,0,0,0,0,Benign
3864,0.3,89,9.63,0,0,0,0,Benign
9075,0.17,163,22.18,1,0,0,0,Benign
13615,0.14,211,12.4,52,0,3,1,Benign
3834,0.32,79,10.39,0,0,0,0,Benign
13591,0.14,211,12.28,52,0,3,1,Benign
3740,0.31,83,9.84,0,0,0,0,Benign
13578,0.14,211,12.22,52,0,3,1,Benign
13585,0.14,211,12.26,52,0,3,1,Benign
13601,0.14,211,12.33,52,0,3,1,Benign
13606,0.14,211,12.36,52,0,3,1,Benign
13626,0.14,211,12.45,52,0,3,1,Benign
13595,0.14,211,12.3,52,0,3,1,Benign
13431,0.14,207,12.14,52,0,3,1,Benign
13426,0.14,207,12.12,52,0,3,1,Benign
13633,0.14,211,12.48,52,0,3,1,Benign
13442,0.14,207,12.19,52,0,3,1,Benign
13440,0.14,207,12.18,52,0,3,1,Benign
13427,0.14,207,12.12,52,0,3,1,Benign
13637,0.14,211,12.5,52,0,3,1,Benign
13620,0.14,211,12.42,52,0,3,1,Benign
13643,0.14,211,12.53,52,0,3,1,Benign
13610,0.14,211,12.37,52,0,3,1,Benign
13448,0.14,207,12.22,52,0,3,1,Benign
13584,0.14,211,12.25,52,0,3,1,Benign
13605,0.14,211,12.35,52,0,3,1,Benign
13614,0.14,211,12.39,52,0,3,1,Benign
7705,0.23,113,26.75,7,0,0,0,Benign
7888,0.23,117,26.07,7,0,0,0,Benign
7875,0.23,117,25.96,7,0,0,0,Benign
7882,0.23,117,26.02,7,0,0,0,Benign
7883,0.23,117,26.03,7,0,0,0,Benign
7878,0.23,117,25.98,7,0,0,0,Benign
7903,0.23,117,26.2,7,0,0,0,Benign
7887,0.23,117,26.03,7,0,0,0,Benign
7877,0.23,117,25.97,7,0,0,0,Benign
7892,0.23,117,26.1,7,0,0,0,Benign
7886,0.23,117,26.05,7,0,0,0,Benign
7733,0.23,113,27.04,7,0,0,0,Benign
7716,0.23,113,26.88,7,0,0,0,Benign
7713,0.23,113,26.82,7,0,0,0,Benign
6733,0.22,125,18.15,0,0,0,0,Benign
7740,0.23,113,27.06,7,0,0,0,Benign
66936,0.0,3085,15.49,21,0,0,0,Benign
3575,0.08,51,14.06,4,0,3,0,Benign
3347,0.15,38,10.97,24,0,1,0,Benign
18109,0.17,543,12.9,38,0,5,1,Benign
15057,0.06,328,23.7,17,0,3,1,Benign
10595,0.21,156,8.34,42,0,5,1,Benign
3089,0.08,63,7.38,16,0,3,1,Benign
5042,0.16,77,8.36,21,0,4,1,Benign
6086,0.03,238,18.18,3,0,0,0,Benign
332,0.05,2,5.0,0,0,0,0,Benign
21162,0.02,452,5.02,232,0,19,19,Benign
12136,0.15,141,18.0,21,0,0,0,Benign
12134,0.15,141,17.99,21,0,0,0,Benign
12127,0.15,141,17.94,21,0,0,0,Benign
12146,0.15,141,18.07,21,0,0,0,Benign
12466,0.15,144,18.02,21,0,0,0,Benign
12476,0.15,144,18.09,21,0,0,0,Benign
12480,0.15,144,18.12,21,0,0,0,Benign
12478,0.15,144,18.1,21,0,0,0,Benign
12472,0.15,144,18.06,21,0,0,0,Benign
12465,0.15,144,18.01,21,0,0,0,Benign
3183,0.25,28,6.43,1,0,2,0,Benign
12365,0.15,144,17.32,21,0,0,0,Benign
12468,0.15,144,18.03,21,0,0,0,Benign
12511,0.15,144,18.19,21,0,0,0,Benign
12537,0.15,145,18.09,21,0,0,0,Benign
12515,0.15,144,18.22,21,0,0,0,Benign
12496,0.15,144,18.13,21,0,0,0,Benign
12510,0.15,144,18.23,21,0,0,0,Benign
12503,0.15,144,18.13,21,0,0,0,Benign
12507,0.15,144,18.16,21,0,0,0,Benign
12170,0.15,141,18.24,21,0,0,0,Benign
12513,0.15,144,18.2,21,0,0,0,Benign
12174,0.15,141,18.27,21,0,0,0,Benign
12160,0.15,141,18.17,21,0,0,0,Benign
12325,0.15,196,17.91,26,0,1,0,Benign
12150,0.15,141,18.1,21,0,0,0,Benign
12180,0.15,141,18.31,21,0,0,0,Benign
12175,0.15,141,18.28,21,0,0,0,Benign
12164,0.15,141,18.2,21,0,0,0,Benign
12165,0.15,141,18.21,21,0,0,0,Benign
12151,0.15,141,18.11,21,0,0,0,Benign
12171,0.15,141,18.25,21,0,0,0,Benign
12152,0.15,141,18.11,21,0,0,0,Benign
12162,0.15,141,18.18,21,0,0,0,Benign
12193,0.15,141,18.4,21,0,0,0,Benign
12179,0.15,141,18.3,21,0,0,0,Benign
12153,0.15,141,18.12,21,0,0,0,Benign
12156,0.15,141,18.14,21,0,0,0,Benign
12167,0.15,141,18.22,21,0,0,0,Benign
12182,0.15,141,18.33,21,0,0,0,Benign
12173,0.15,141,18.26,21,0,0,0,Benign
12168,0.15,141,18.23,21,0,0,0,Benign
12573,0.15,146,18.14,21,0,0,0,Benign
12172,0.15,141,18.26,21,0,0,0,Benign
12176,0.15,141,18.28,21,0,0,0,Benign
1655,0.26,22,10.32,1,0,1,0,Benign
1818,0.15,43,18.88,0,0,0,0,Benign
1644,0.17,40,19.5,0,0,0,0,Benign
20208,0.13,298,9.03,117,0,6,0,Benign
2244,0.16,36,30.89,0,0,0,0,Benign
4041,0.05,43,8.86,8,0,1,0,Benign
3476,0.39,61,6.57,19,0,5,0,Benign
8659,0.43,114,7.39,51,0,5,0,Benign
23923,0.06,482,5.81,238,0,23,20,Benign
25989,0.08,506,6.79,255,0,24,20,Benign
16292,0.05,905,10.45,7,0,0,0,Benign
219,0.23,2,12.0,0,0,0,0,Benign
210,0.2,2,12.5,0,0,0,0,Benign
14181,0.0,620,19.25,0,0,0,0,Benign
42623,0.11,1754,14.85,187,0,5,0,Benign
172,0.25,1,12.0,0,0,0,0,Benign
195,0.05,3,30.67,0,0,0,0,Benign
3064,0.41,38,9.37,0,0,1,0,Benign
299,0.06,6,20.33,2,0,0,0,Benign
8732,0.5,103,16.03,40,0,3,0,Benign
2579,0.41,41,7.59,4,0,0,0,Benign
11709,0.18,220,13.37,11,0,5,0,Benign
13739,0.2,241,14.58,8,0,6,0,Benign
11007,0.16,218,13.04,9,0,4,0,Benign
11058,0.16,218,13.28,11,0,4,0,Benign
11146,0.18,188,13.63,10,0,4,0,Benign
11040,0.16,218,13.19,7,0,4,0,Benign
12821,0.18,219,15.05,16,0,5,0,Benign
10963,0.16,218,12.84,13,0,4,0,Benign
137481,0.07,1936,17.42,573,0,185,6,Benign
115,0.01,2,24.0,0,0,1,0,Benign
4258,0.21,45,11.47,28,0,3,0,Benign
41257,0.02,1130,15.13,208,0,50,1,Benign
60008,0.02,1081,12.31,398,0,117,2,Benign
31617,0.01,940,11.87,226,0,37,1,Benign
106312,0.02,1960,11.64,702,0,201,9,Benign
70250,0.02,1122,11.06,442,0,142,1,Benign
25310,0.05,915,17.38,27,0,0,0,Benign
18938,0.05,862,11.74,24,0,0,0,Benign
67915,0.1,809,73.64,6,0,0,0,Benign
26692,0.06,914,19.03,27,0,0,0,Benign
520602,0.09,9715,46.66,25,0,0,0,Benign
152355,0.11,1010,135.45,27,0,0,0,Benign
152478,0.12,794,178.34,6,0,0,0,Benign
716,0.05,18,10.67,6,0,0,0,Benign
38707,0.15,1009,9.37,387,0,0,0,Benign
54300,0.02,1575,23.9,23,0,11,0,Benign
11797,0.05,188,35.38,17,0,1,0,Benign
2545,0.09,28,13.43,3,0,2,0,Benign
1228,0.13,16,15.19,3,1,1,0,Benign
4682,0.31,53,11.53,4,0,1,0,Benign
2447,0.3,21,13.38,0,0,1,0,Benign
1285,0.12,18,14.28,3,0,1,0,Benign
2601,0.24,40,16.77,0,0,4,0,Benign
10541,0.4,77,10.86,8,0,4,0,Benign
12802,0.44,64,10.28,8,0,5,0,Benign
10504,0.37,60,12.22,4,0,6,0,Benign
1014,0.01,25,8.76,0,0,0,0,Benign
3274,0.01,67,5.58,30,0,3,0,Benign
2507,0.01,63,5.65,30,0,2,0,Benign
7527,0.09,94,5.52,56,0,4,0,Benign
61436,0.0,3942,10.57,0,0,3,0,Benign
61157,0.0,3921,10.59,0,0,3,0,Benign
498617,0.01,15130,27.57,2,0,3,0,Benign
370355,0.01,11473,26.72,6,0,3,0,Benign
388707,0.01,9932,33.38,0,0,3,0,Benign
509135,0.01,26778,13.93,0,0,3,0,Benign
327689,0.01,9691,28.34,3,0,3,0,Benign
446806,0.0,11682,32.61,3,0,3,0,Benign
417365,0.01,24269,12.11,1,0,3,0,Benign
356649,0.01,10554,28.14,0,0,3,0,Benign
377188,0.01,22130,11.84,0,0,3,0,Benign
355238,0.01,10278,28.82,0,0,3,0,Benign
366639,0.01,21611,11.72,0,0,3,0,Benign
327076,0.01,8992,30.83,0,0,3,0,Benign
80475,0.0,4456,13.07,0,0,3,0,Benign
292095,0.02,16366,12.71,3,0,3,0,Benign
441991,0.01,24597,12.86,0,0,3,0,Benign
503410,0.0,13065,32.81,2,0,3,0,Benign
40794,0.02,859,4.95,484,0,38,42,Benign
17911,0.02,397,4.31,226,0,19,20,Benign
4228,0.21,103,17.39,2,0,1,0,Benign
38526,0.02,829,4.6,468,0,42,41,Benign
60110,0.25,788,8.16,399,0,27,21,Benign
5771,0.31,96,12.0,18,0,1,1,Benign
5790,0.31,96,12.2,18,0,1,1,Benign
5769,0.31,96,11.98,18,0,1,1,Benign
5782,0.31,96,12.11,18,0,1,1,Benign
5781,0.31,96,12.1,18,0,1,1,Benign
5765,0.31,96,11.94,18,0,1,1,Benign
5808,0.31,96,12.39,18,0,1,1,Benign
5770,0.31,96,11.99,18,0,1,1,Benign
5765,0.31,96,11.93,18,0,1,1,Benign
5768,0.31,96,11.97,18,0,1,1,Benign
5778,0.31,96,12.07,18,0,1,1,Benign
5779,0.31,96,12.08,18,0,1,1,Benign
5798,0.31,96,12.28,18,0,1,1,Benign
5777,0.31,96,12.06,18,0,1,1,Benign
5792,0.31,96,12.22,18,0,1,1,Benign
5776,0.31,96,12.05,18,0,1,1,Benign
5825,0.31,96,12.56,18,0,1,1,Benign
5791,0.31,96,12.21,18,0,1,1,Benign
5799,0.31,96,12.29,18,0,1,1,Benign
5795,0.31,96,12.25,18,0,1,1,Benign
5815,0.31,96,12.46,18,0,1,1,Benign
5810,0.31,96,12.41,18,0,1,1,Benign
5837,0.31,96,12.69,18,0,1,1,Benign
5839,0.31,96,12.71,18,0,1,1,Benign
5814,0.31,96,12.45,18,0,1,1,Benign
133,0.4,2,9.0,0,0,0,0,Benign
5801,0.31,96,12.31,18,0,1,1,Benign
5835,0.31,96,12.67,18,0,1,1,Benign
5773,0.31,96,12.02,18,0,1,1,Benign
5841,0.31,96,12.73,18,0,1,1,Benign
5802,0.31,96,12.32,18,0,1,1,Benign
5843,0.31,96,12.75,18,0,1,1,Benign
5774,0.31,96,12.03,18,0,1,1,Benign
5784,0.31,96,12.14,18,0,1,1,Benign
5761,0.31,96,11.9,18,0,1,1,Benign
5767,0.31,96,11.96,18,0,1,1,Benign
5786,0.31,96,12.16,18,0,1,1,Benign
5754,0.31,96,11.82,18,0,1,1,Benign
5789,0.31,96,12.19,18,0,1,1,Benign
5788,0.31,96,12.18,18,0,1,1,Benign
5794,0.31,96,12.24,18,0,1,1,Benign
5797,0.31,96,12.27,18,0,1,1,Benign
5783,0.31,96,12.13,18,0,1,1,Benign
5775,0.31,96,12.04,20,0,1,1,Benign
5805,0.31,96,12.35,18,0,1,1,Benign
6148,0.33,100,12.04,18,0,1,1,Benign
5769,0.31,96,11.98,19,0,1,1,Benign
5775,0.31,96,12.04,18,0,1,1,Benign
5763,0.31,96,11.92,18,0,1,1,Benign
5828,0.31,96,12.59,18,0,1,1,Benign
5760,0.31,96,11.89,18,0,1,1,Benign
5772,0.31,96,12.01,18,0,1,1,Benign
5764,0.31,96,11.93,18,0,1,1,Benign
6129,0.33,100,11.85,18,0,1,1,Benign
5833,0.31,96,12.65,18,0,1,1,Benign
5787,0.31,96,12.17,18,0,1,1,Benign
5829,0.31,96,12.6,18,0,1,1,Benign
5762,0.31,96,11.91,18,0,1,1,Benign
6123,0.33,100,11.79,18,0,1,1,Benign
5811,0.31,96,12.42,18,0,1,1,Benign
6135,0.33,100,11.91,18,0,1,1,Benign
6136,0.33,100,11.92,18,0,1,1,Benign
6114,0.33,100,11.7,18,0,1,1,Benign
5824,0.31,96,12.55,18,0,1,1,Benign
5780,0.31,96,12.09,18,0,1,1,Benign
6139,0.33,100,11.95,18,0,1,1,Benign
5766,0.31,96,11.95,18,0,1,1,Benign
5817,0.31,96,12.48,18,0,1,1,Benign
6144,0.33,100,12.0,18,0,1,1,Benign
5834,0.31,96,12.66,18,0,1,1,Benign
5747,0.31,96,11.75,18,0,1,1,Benign
5818,0.31,96,12.49,18,0,1,1,Benign
5806,0.31,96,12.36,18,0,1,1,Benign
6134,0.33,100,11.9,18,0,1,1,Benign
5820,0.31,96,12.51,18,0,1,1,Benign
5745,0.31,96,11.73,18,0,1,1,Benign
5746,0.31,96,11.74,18,0,1,1,Benign
5743,0.31,96,11.71,18,0,1,1,Benign
5785,0.31,96,12.15,18,0,1,1,Benign
5821,0.31,96,12.52,18,0,1,1,Benign
6108,0.33,100,11.64,18,0,1,1,Benign
5827,0.31,96,12.58,18,0,1,1,Benign
5812,0.31,96,12.43,18,0,1,1,Benign
6127,0.33,100,11.83,18,0,1,1,Benign
5819,0.31,96,12.5,18,0,1,1,Benign
5758,0.31,96,11.86,18,0,1,1,Benign
6140,0.33,100,11.96,18,0,1,1,Benign
6137,0.33,100,11.93,18,0,1,1,Benign
5757,0.31,96,11.85,18,0,1,1,Benign
5804,0.31,96,12.34,18,0,1,1,Benign
5800,0.31,96,12.3,18,0,1,1,Benign
5803,0.31,96,12.33,18,0,1,1,Benign
5830,0.31,96,12.61,18,0,1,1,Benign
5796,0.31,96,12.26,18,0,1,1,Benign
4420,0.3,100,13.91,6,0,1,0,Benign
1848,0.3,33,6.64,2,0,1,0,Benign
1849,0.3,33,6.67,2,0,1,0,Benign
4522,0.3,100,14.93,5,0,1,0,Benign
1841,0.3,33,6.42,2,0,1,0,Benign
1850,0.3,33,6.7,2,0,1,0,Benign
1852,0.29,33,6.76,2,0,1,0,Benign
266,0.06,11,7.55,1,1,0,0,Benign
254,0.07,11,6.45,0,1,0,0,Benign
239,0.07,11,5.09,0,1,0,0,Benign
263,0.05,11,7.27,0,1,0,0,Benign
266,0.05,11,7.55,0,1,0,0,Benign
241,0.06,11,5.27,0,1,0,0,Benign
258,0.06,11,6.82,0,1,0,0,Benign
232,0.07,11,4.45,0,1,0,0,Benign
422,0.1,11,9.91,3,0,0,0,Benign
1669,0.2,33,4.18,1,0,0,0,Benign
1389,0.3,23,10.87,3,0,0,0,Benign
52911,0.0,315,139.62,261,0,0,0,Benign
54218,0.0,326,137.95,241,0,0,0,Benign
53087,0.0,316,139.54,217,0,0,0,Benign
54185,0.0,326,137.88,241,0,0,0,Benign
54086,0.0,326,137.59,229,0,0,0,Benign
54106,0.0,326,137.64,211,0,0,0,Benign
54347,0.0,326,138.35,250,0,0,0,Benign
357,0.05,9,10.67,3,0,0,0,Benign
54075,0.0,326,137.54,266,0,0,0,Benign
242,0.06,11,5.36,0,1,0,0,Benign
55155,0.0,326,140.84,272,0,0,0,Benign
54195,0.0,326,137.88,222,0,0,0,Benign
19781,0.07,382,29.91,14,0,7,0,Benign
10637,0.08,198,29.71,11,0,3,0,Benign
11360,0.08,216,28.27,13,0,5,0,Benign
10056,0.08,187,31.24,10,0,3,0,Benign
53963,0.0,326,137.23,230,0,0,0,Benign
11721,0.08,215,34.12,10,0,3,0,Benign
13196,0.08,229,25.86,17,0,3,0,Benign
9777,0.08,182,31.1,10,0,3,0,Benign
38429,0.09,699,9.07,361,0,22,21,Benign
4842,0.19,88,12.48,11,0,1,0,Benign
11778,0.08,212,28.36,13,0,5,0,Benign
5140,0.18,111,11.74,11,0,1,0,Benign
4180,0.21,74,11.54,2,0,1,0,Benign
3484,0.12,55,12.36,42,0,1,0,Benign
96084,0.0,7902,6.13,34,1,11,0,Benign
6109,0.12,39,9.62,3,0,0,0,Benign
1311,0.1,18,15.39,0,0,0,0,Benign
25349,0.03,488,5.6,242,0,20,21,Benign
5475,0.08,119,8.34,20,0,3,0,Benign
4031,0.02,207,13.72,3,0,0,0,Benign
4664,0.02,238,14.29,3,0,0,0,Benign
222,0.06,11,3.55,0,1,0,0,Benign
1791,0.27,16,34.0,0,0,0,0,Benign
1906,0.26,16,41.19,0,0,0,0,Benign
348,0.44,6,5.17,0,0,0,0,Benign
1985,0.24,22,17.09,2,0,0,0,Benign
17103,0.51,109,11.75,19,0,4,0,Benign
17121,0.51,109,11.92,19,0,4,0,Benign
17119,0.51,109,11.9,19,0,4,0,Benign
3278,0.37,29,18.0,2,0,0,0,Benign
3201,0.38,29,15.34,2,0,0,0,Benign
3286,0.37,29,18.28,2,0,0,0,Benign
3282,0.37,29,18.14,2,0,0,0,Benign
3200,0.38,29,15.31,2,0,0,0,Benign
3284,0.37,29,18.21,2,0,0,0,Benign
3280,0.37,29,18.07,2,0,0,0,Benign
3285,0.37,29,18.24,2,0,0,0,Benign
3291,0.37,29,18.45,2,0,0,0,Benign
3289,0.37,29,18.38,2,0,0,0,Benign
3589,0.36,32,18.0,2,0,0,0,Benign
2043,0.2,25,16.88,6,0,0,0,Benign
3585,0.36,32,17.88,2,0,0,0,Benign
6650,0.22,89,16.78,42,0,0,0,Benign
20806,0.02,438,5.06,243,0,19,21,Benign
38445,0.09,682,9.62,335,0,22,21,Benign
6500,0.34,78,13.49,25,0,0,0,Benign
32109,0.06,647,12.2,248,0,19,21,Benign
1903,0.25,24,14.63,2,0,0,0,Benign
1030953,0.01,68095,10.69,32,0,5,0,Benign
783643,0.0,47211,9.73,12,0,0,0,Benign
14518,0.02,639,1.17,574,1,0,0,Malicious
15375,0.02,625,1.0,584,1,0,0,Malicious
14057,0.02,584,1.09,539,1,0,0,Malicious
12176,0.18,254,3.41,15,1,1,2,Malicious
3765,0.01,3,609.0,13,1,0,0,Malicious
4124,0.01,3,644.67,14,1,0,0,Malicious
3862,0.02,3,639.33,25,1,0,0,Malicious
10688,0.18,231,3.73,15,1,1,2,Malicious
9641,0.15,234,3.81,15,1,0,230,Malicious
16467,0.15,242,3.64,14,1,0,239,Malicious
15733,0.16,243,3.6,14,1,0,240,Malicious
11397,0.17,226,3.75,233,0,223,0,Malicious
11480,0.17,232,3.78,239,0,229,0,Malicious
10014,0.19,228,4.0,234,1,226,0,Malicious
10794,0.19,246,3.85,252,0,244,0,Malicious
10863,0.19,247,3.94,253,1,245,0,Malicious
10163,0.19,231,4.14,237,1,229,0,Malicious
9635,0.19,219,3.99,229,1,217,0,Malicious
5286,0.07,127,6.7,140,1,0,125,Malicious
5354,0.07,128,6.91,141,1,0,126,Malicious
6080,0.06,128,6.85,140,1,0,125,Malicious
5354,0.0,0,0.0,401,1,0,0,Malicious
14972,0.02,623,1.0,577,1,0,0,Malicious
49027,0.0,1762,1.62,16,0,4,0,Malicious
49169,0.0,1769,1.62,16,0,4,0,Malicious
15372,0.02,631,1.0,588,1,0,0,Malicious
15978,0.02,633,1.13,578,1,0,0,Malicious
50472,0.0,1834,1.6,16,0,4,0,Malicious
50107,0.0,1816,1.6,16,0,4,0,Malicious
49054,0.0,1763,1.62,16,0,4,0,Malicious
50012,0.0,1811,1.6,16,0,4,0,Malicious
49322,0.0,1776,1.62,16,0,4,0,Malicious
49588,0.0,1790,1.61,16,0,4,0,Malicious
49352,0.0,1778,1.61,16,0,4,0,Malicious
49325,0.0,1778,1.61,16,0,4,0,Malicious
50226,0.0,1823,1.6,16,0,4,0,Malicious
49129,0.0,1767,1.62,16,0,4,0,Malicious
49015,0.0,1762,1.62,16,0,4,0,Malicious
49902,0.0,1776,1.61,16,0,4,0,Malicious
49368,0.0,1780,1.61,16,0,4,0,Malicious
50070,0.0,1814,1.6,16,0,4,0,Malicious
49738,0.0,1798,1.61,16,0,4,0,Malicious
49536,0.0,1757,1.62,16,0,4,0,Malicious
50568,0.0,1839,1.59,16,0,4,0,Malicious
50619,0.0,1842,1.59,16,0,4,0,Malicious
50068,0.0,1815,1.6,16,0,4,0,Malicious
50143,0.0,1817,1.6,16,0,4,0,Malicious
49780,0.0,1800,1.61,16,0,4,0,Malicious
50412,0.0,1831,1.6,16,0,4,0,Malicious
50322,0.0,1827,1.6,16,0,4,0,Malicious
50473,0.0,1834,1.6,16,0,4,0,Malicious
49428,0.0,1782,1.61,16,0,4,0,Malicious
48956,0.0,1759,1.62,16,0,4,0,Malicious
49719,0.0,1797,1.61,16,0,4,0,Malicious
50146,0.0,1818,1.6,16,0,4,0,Malicious
50230,0.0,1792,1.61,16,0,4,0,Malicious
50591,0.0,1840,1.59,16,0,4,0,Malicious
49210,0.0,1771,1.62,16,0,4,0,Malicious
48951,0.0,1758,1.62,16,0,4,0,Malicious
48898,0.0,1756,1.62,16,0,4,0,Malicious
49051,0.0,1763,1.62,16,0,4,0,Malicious
49200,0.0,1770,1.62,16,0,4,0,Malicious
50211,0.0,1821,1.6,16,0,4,0,Malicious
49004,0.0,1762,1.62,16,0,4,0,Malicious
51869,0.0,1813,1.6,16,0,4,0,Malicious
50057,0.0,1815,1.6,16,0,4,0,Malicious
22212,0.0,1764,1.62,21,0,3,0,Malicious
22517,0.0,1846,1.59,25,0,3,0,Malicious
22394,0.0,1809,1.6,19,0,3,0,Malicious
22373,0.0,1807,1.6,25,0,3,0,Malicious
49314,0.0,1777,1.61,16,0,4,0,Malicious
22149,0.0,1754,1.62,22,0,3,0,Malicious
22281,0.0,1791,1.61,21,0,3,0,Malicious
22398,0.0,1817,1.6,20,0,3,0,Malicious
22344,0.0,1803,1.6,19,0,3,0,Malicious
22495,0.0,1838,1.59,19,0,3,0,Malicious
22164,0.0,1752,1.62,18,0,3,0,Malicious
22193,0.0,1768,1.62,20,0,3,0,Malicious
22519,0.0,1838,1.59,19,0,3,0,Malicious
22463,0.0,1827,1.6,22,0,3,0,Malicious
22281,0.0,1781,1.61,21,0,3,0,Malicious
22195,0.0,1766,1.62,23,0,3,0,Malicious
22264,0.0,1780,1.61,23,0,3,0,Malicious
22375,0.0,1807,1.6,21,0,3,0,Malicious
22534,0.0,1848,1.59,19,0,3,0,Malicious
22144,0.0,1750,1.62,18,0,3,0,Malicious
22210,0.0,1760,1.62,18,0,3,0,Malicious
22377,0.0,1805,1.6,19,0,3,0,Malicious
22187,0.0,1755,1.62,28,0,3,0,Malicious
22235,0.0,1770,1.62,26,0,3,0,Malicious
22478,0.0,1830,1.6,27,0,3,0,Malicious
22490,0.0,1831,1.6,23,0,3,0,Malicious
22475,0.0,1830,1.6,24,0,3,0,Malicious
22313,0.0,1789,1.61,21,0,3,0,Malicious
22302,0.0,1792,1.61,21,0,3,0,Malicious
22365,0.0,1802,1.61,20,0,3,0,Malicious
22446,0.0,1829,1.6,20,0,3,0,Malicious
22413,0.0,1823,1.6,26,0,3,0,Malicious
22175,0.0,1761,1.62,23,0,3,0,Malicious
22299,0.0,1787,1.61,24,0,3,0,Malicious
22294,0.0,1782,1.61,19,0,3,0,Malicious
22355,0.0,1797,1.61,17,0,3,0,Malicious
22306,0.0,1785,1.61,22,0,3,0,Malicious
22477,0.0,1831,1.6,22,0,3,0,Malicious
22354,0.0,1806,1.6,22,0,3,0,Malicious
22327,0.0,1792,1.61,23,0,3,0,Malicious
22417,0.0,1815,1.6,21,0,3,0,Malicious
22293,0.0,1784,1.61,23,0,3,0,Malicious
22479,0.0,1830,1.6,24,0,3,0,Malicious
22350,0.0,1798,1.61,21,0,3,0,Malicious
22353,0.0,1799,1.61,22,0,3,0,Malicious
22332,0.0,1794,1.61,22,0,3,0,Malicious
22435,0.0,1820,1.6,21,0,3,0,Malicious
22316,0.0,1787,1.61,21,0,3,0,Malicious
22497,0.0,1836,1.59,18,0,3,0,Malicious
22167,0.0,1756,1.62,20,0,3,0,Malicious
22209,0.0,1766,1.62,20,0,3,0,Malicious
22488,0.0,1837,1.59,20,0,3,0,Malicious
22193,0.0,1759,1.62,19,0,3,0,Malicious
22164,0.0,1752,1.62,23,0,3,0,Malicious
22251,0.0,1773,1.62,21,0,3,0,Malicious
22507,0.0,1840,1.59,21,0,3,0,Malicious
22431,0.0,1821,1.6,24,0,3,0,Malicious
22302,0.0,1792,1.61,22,0,3,0,Malicious
22418,0.0,1813,1.6,20,0,3,0,Malicious
22464,0.0,1826,1.6,26,0,3,0,Malicious
22389,0.0,1809,1.6,20,0,3,0,Malicious
22164,0.0,1755,1.62,20,0,3,0,Malicious
22208,0.0,1766,1.62,25,0,3,0,Malicious
22350,0.0,1798,1.61,18,0,3,0,Malicious
22452,0.0,1833,1.59,21,0,3,0,Malicious
22413,0.0,1817,1.6,22,0,3,0,Malicious
22441,0.0,1824,1.6,20,0,3,0,Malicious
22183,0.0,1760,1.62,29,0,3,0,Malicious
22196,0.0,1763,1.62,24,0,3,0,Malicious
22436,0.0,1817,1.6,19,0,3,0,Malicious
22453,0.0,1825,1.6,22,0,3,0,Malicious
22272,0.0,1785,1.61,26,0,3,0,Malicious
22389,0.0,1808,1.6,21,0,3,0,Malicious
22266,0.0,1777,1.61,21,0,3,0,Malicious
22400,0.0,1817,1.6,17,0,3,0,Malicious
22292,0.0,1788,1.61,21,0,3,0,Malicious
22309,0.0,1791,1.61,21,0,3,0,Malicious
22546,0.0,1847,1.59,24,0,3,0,Malicious
22529,0.0,1846,1.59,22,0,3,0,Malicious
22369,0.0,1810,1.6,24,0,3,0,Malicious
22462,0.0,1826,1.6,20,0,3,0,Malicious
22379,0.0,1811,1.6,24,0,3,0,Malicious
22280,0.0,1788,1.61,19,0,3,0,Malicious
22390,0.0,1817,1.6,20,0,3,0,Malicious
22405,0.0,1812,1.6,25,0,3,0,Malicious
22450,0.0,1823,1.6,20,0,3,0,Malicious
22399,0.0,1811,1.6,24,0,3,0,Malicious
22508,0.0,1839,1.59,23,0,3,0,Malicious
22146,0.0,1753,1.62,20,0,3,0,Malicious
22263,0.0,1777,1.61,22,0,3,0,Malicious
22472,0.0,1826,1.6,20,0,3,0,Malicious
22327,0.0,1796,1.61,18,0,3,0,Malicious
22150,0.0,1754,1.62,22,0,3,0,Malicious
22351,0.0,1802,1.61,23,0,3,0,Malicious
22480,0.0,1831,1.6,16,0,3,0,Malicious
22362,0.0,1804,1.6,18,0,3,0,Malicious
22257,0.0,1784,1.61,25,0,3,0,Malicious
22337,0.0,1796,1.61,26,0,3,0,Malicious
22295,0.0,1788,1.61,21,0,3,0,Malicious
22291,0.0,1785,1.61,20,0,3,0,Malicious
22273,0.0,1779,1.61,20,0,3,0,Malicious
22495,0.0,1835,1.6,21,0,3,0,Malicious
22458,0.0,1829,1.6,23,0,3,0,Malicious
22447,0.0,1829,1.6,19,0,3,0,Malicious
22266,0.0,1778,1.61,24,0,3,0,Malicious
22187,0.0,1758,1.62,24,0,3,0,Malicious
22374,0.0,1805,1.6,21,0,3,0,Malicious
22286,0.0,1783,1.61,27,0,3,0,Malicious
22516,0.0,1840,1.59,24,0,3,0,Malicious
22304,0.0,1788,1.61,24,0,3,0,Malicious
22448,0.0,1825,1.6,25,0,3,0,Malicious
22242,0.0,1772,1.62,22,0,3,0,Malicious
22160,0.0,1751,1.62,22,0,3,0,Malicious
22231,0.0,1775,1.61,21,0,3,0,Malicious
22230,0.0,1771,1.62,19,0,3,0,Malicious
22236,0.0,1769,1.62,23,0,3,0,Malicious
22490,0.0,1836,1.59,20,0,3,0,Malicious
22239,0.0,1768,1.62,19,0,3,0,Malicious
22504,0.0,1840,1.59,21,0,3,0,Malicious
22346,0.0,1801,1.61,17,0,3,0,Malicious
22324,0.0,1789,1.61,27,0,3,0,Malicious
22496,0.0,1835,1.6,21,0,3,0,Malicious
22302,0.0,1792,1.61,24,0,3,0,Malicious
22417,0.0,1821,1.6,21,0,3,0,Malicious
22200,0.0,1764,1.62,22,0,3,0,Malicious
22237,0.0,1770,1.62,28,0,3,0,Malicious
22110,0.0,1747,1.62,18,0,3,0,Malicious
22512,0.0,1839,1.59,22,0,3,0,Malicious
22368,0.0,1803,1.61,23,0,3,0,Malicious
22333,0.0,1797,1.61,22,0,3,0,Malicious
22478,0.0,1832,1.6,22,0,3,0,Malicious
22227,0.0,1768,1.62,19,0,3,0,Malicious
22246,0.0,1778,1.61,22,0,3,0,Malicious
22536,0.0,1843,1.59,22,0,3,0,Malicious
22254,0.0,1774,1.62,20,0,3,0,Malicious
22201,0.0,1761,1.62,19,0,3,0,Malicious
22157,0.0,1753,1.62,20,0,3,0,Malicious
22189,0.0,1758,1.62,20,0,3,0,Malicious
22485,0.0,1832,1.6,22,0,3,0,Malicious
22334,0.0,1795,1.61,22,0,3,0,Malicious
22346,0.0,1798,1.61,21,0,3,0,Malicious
22234,0.0,1769,1.62,19,0,3,0,Malicious
22386,0.0,1808,1.6,21,0,3,0,Malicious
22473,0.0,1830,1.6,22,0,3,0,Malicious
22184,0.0,1760,1.62,20,0,3,0,Malicious
22263,0.0,1776,1.61,17,0,3,0,Malicious
22474,0.0,1832,1.6,21,0,3,0,Malicious
22360,0.0,1801,1.61,23,0,3,0,Malicious
22392,0.0,1806,1.61,24,0,3,0,Malicious
22473,0.0,1836,1.59,21,0,3,0,Malicious
22186,0.0,1757,1.62,20,0,3,0,Malicious
22300,0.0,1792,1.61,22,0,3,0,Malicious
22352,0.0,1799,1.61,16,0,3,0,Malicious
22482,0.0,1832,1.6,20,0,3,0,Malicious
22533,0.0,1844,1.59,26,0,3,0,Malicious
22412,0.0,1814,1.6,20,0,3,0,Malicious
22393,0.0,1809,1.6,21,0,3,0,Malicious
22489,0.0,1841,1.59,19,0,3,0,Malicious
22242,0.0,1776,1.61,23,0,3,0,Malicious
22524,0.0,1842,1.59,21,0,3,0,Malicious
22432,0.0,1820,1.6,21,0,3,0,Malicious
22530,0.0,1843,1.59,22,0,3,0,Malicious
22168,0.0,1753,1.62,26,0,3,0,Malicious
22169,0.0,1751,1.62,20,0,3,0,Malicious
22484,0.0,1833,1.6,18,0,3,0,Malicious
22341,0.0,1796,1.61,20,0,3,0,Malicious
22147,0.0,1751,1.62,19,0,3,0,Malicious
22373,0.0,1804,1.61,19,0,3,0,Malicious
22333,0.0,1800,1.61,20,0,3,0,Malicious
22413,0.0,1816,1.6,21,0,3,0,Malicious
22404,0.0,1818,1.6,23,0,3,0,Malicious
50292,0.0,1825,1.6,16,0,4,0,Malicious
22512,0.0,1846,1.59,23,0,3,0,Malicious
22312,0.0,1790,1.61,18,0,3,0,Malicious
22544,0.0,1848,1.59,21,0,3,0,Malicious
22389,0.0,1815,1.6,20,0,3,0,Malicious
22409,0.0,1812,1.6,21,0,3,0,Malicious
22331,0.0,1794,1.61,20,0,3,0,Malicious
22444,0.0,1828,1.6,19,0,3,0,Malicious
22378,0.0,1812,1.6,24,0,3,0,Malicious
22295,0.0,1791,1.61,22,0,3,0,Malicious
22512,0.0,1838,1.59,20,0,3,0,Malicious
22220,0.0,1766,1.62,19,0,3,0,Malicious
22478,0.0,1833,1.6,26,0,3,0,Malicious
22402,0.0,1812,1.6,20,0,3,0,Malicious
22448,0.0,1822,1.6,18,0,3,0,Malicious
22439,0.0,1818,1.6,29,0,3,0,Malicious
22157,0.0,1753,1.62,19,0,3,0,Malicious
22213,0.0,1764,1.62,21,0,3,0,Malicious
22371,0.0,1804,1.61,21,0,3,0,Malicious
22383,0.0,1813,1.6,15,0,3,0,Malicious
22151,0.0,1752,1.62,21,0,3,0,Malicious
22383,0.0,1807,1.6,20,0,3,0,Malicious
22496,0.0,1834,1.6,19,0,3,0,Malicious
22507,0.0,1835,1.6,18,0,3,0,Malicious
22259,0.0,1779,1.61,18,0,3,0,Malicious
22384,0.0,1807,1.6,22,0,3,0,Malicious
22438,0.0,1823,1.6,23,0,3,0,Malicious
22476,0.0,1833,1.6,20,0,3,0,Malicious
22164,0.0,1758,1.62,19,0,3,0,Malicious
22155,0.0,1759,1.62,22,0,3,0,Malicious
22199,0.0,1760,1.62,21,0,3,0,Malicious
22344,0.0,1800,1.61,24,0,3,0,Malicious
22371,0.0,1804,1.61,25,0,3,0,Malicious
22289,0.0,1786,1.61,22,0,3,0,Malicious
22382,0.0,1806,1.6,19,0,3,0,Malicious
22352,0.0,1799,1.61,23,0,3,0,Malicious
22313,0.0,1786,1.61,21,0,3,0,Malicious
22247,0.0,1773,1.62,19,0,3,0,Malicious
22269,0.0,1775,1.62,21,0,3,0,Malicious
22515,0.0,1846,1.59,24,0,3,0,Malicious
22305,0.0,1787,1.61,25,0,3,0,Malicious
22499,0.0,1837,1.59,23,0,3,0,Malicious
22529,0.0,1846,1.59,21,0,3,0,Malicious
22539,0.0,1847,1.59,22,0,3,0,Malicious
22531,0.0,1844,1.59,20,0,3,0,Malicious
22425,0.0,1817,1.6,21,0,3,0,Malicious
22521,0.0,1839,1.59,22,0,3,0,Malicious
22487,0.0,1839,1.59,28,0,3,0,Malicious
22294,0.0,1787,1.61,22,0,3,0,Malicious
22169,0.0,1757,1.62,22,0,3,0,Malicious
22472,0.0,1829,1.6,23,0,3,0,Malicious
22221,0.0,1769,1.62,23,0,3,0,Malicious
22191,0.0,1765,1.62,21,0,3,0,Malicious
22205,0.0,1765,1.62,22,0,3,0,Malicious
22339,0.0,1799,1.61,19,0,3,0,Malicious
22398,0.0,1810,1.6,19,0,3,0,Malicious
22547,0.0,1848,1.59,26,0,3,0,Malicious
22246,0.0,1773,1.62,23,0,3,0,Malicious
22409,0.0,1814,1.6,23,0,3,0,Malicious
22538,0.0,1845,1.59,21,0,3,0,Malicious
22455,0.0,1827,1.6,20,0,3,0,Malicious
22333,0.0,1798,1.61,17,0,3,0,Malicious
22398,0.0,1813,1.6,23,0,3,0,Malicious
22407,0.0,1819,1.6,21,0,3,0,Malicious
22341,0.0,1800,1.61,20,0,3,0,Malicious
22261,0.0,1779,1.61,21,0,3,0,Malicious
3647,0.03,211,4.24,224,1,0,0,Malicious
3770,0.03,222,3.94,235,1,0,0,Malicious
2218,0.04,212,4.06,225,1,0,0,Malicious
2248,0.04,224,3.9,237,1,0,0,Malicious
2965,0.08,17,143.71,9,1,0,0,Malicious
2132,0.05,215,4.01,228,1,0,0,Malicious
2173,0.05,219,3.96,232,1,0,0,Malicious
3944,0.08,34,16.85,61,0,9,1,Malicious
2262,0.04,217,4.07,230,1,0,0,Malicious
3942,0.08,34,16.85,61,0,9,1,Malicious
3943,0.08,34,16.85,61,0,9,1,Malicious
22510,0.0,1842,1.59,20,0,3,0,Malicious
22450,0.0,1830,1.6,17,0,3,0,Malicious
2232,0.04,224,3.85,237,1,0,0,Malicious
3945,0.08,34,16.85,61,0,9,1,Malicious
3941,0.08,34,16.85,61,0,9,1,Malicious
4397,0.08,40,16.68,64,0,9,1,Malicious
4474,0.08,42,15.83,66,0,9,1,Malicious
8000,0.12,160,3.52,108,1,1,0,Malicious
4473,0.08,42,15.83,66,0,9,1,Malicious
4878,0.08,43,15.51,67,0,9,4,Malicious
4395,0.08,40,16.68,64,0,9,1,Malicious
4475,0.08,42,15.83,66,0,9,1,Malicious
4396,0.08,40,16.68,64,0,9,1,Malicious
8472,0.12,167,3.4,113,1,1,0,Malicious
4476,0.08,42,15.83,66,0,9,1,Malicious
10925,0.16,567,1.27,409,1,1,0,Malicious
4584,0.07,43,15.37,67,0,9,1,Malicious
9713,0.16,424,1.52,281,1,1,0,Malicious
10499,0.16,475,1.51,319,1,1,0,Malicious
9728,0.17,430,1.5,291,1,1,0,Malicious
11164,0.16,578,1.22,419,1,1,0,Malicious
10857,0.16,501,1.53,331,1,1,0,Malicious
9800,0.16,442,1.65,294,1,1,0,Malicious
4585,0.07,43,15.37,67,0,9,1,Malicious
9886,0.17,447,1.51,294,1,1,0,Malicious
10839,0.16,537,1.25,385,1,1,0,Malicious
10998,0.16,564,1.24,405,1,1,0,Malicious
10689,0.16,496,1.59,335,1,1,0,Malicious
4582,0.07,43,15.37,67,0,9,1,Malicious
10611,0.16,503,1.34,341,1,1,0,Malicious
10325,0.17,466,1.47,312,1,1,0,Malicious
10862,0.16,491,1.43,335,1,1,0,Malicious
10005,0.16,475,1.39,326,1,1,0,Malicious
9514,0.16,440,1.46,304,1,1,0,Malicious
9588,0.16,435,1.37,294,1,1,0,Malicious
10672,0.17,500,1.25,344,1,1,0,Malicious
10192,0.16,480,1.38,336,1,1,0,Malicious
10636,0.16,480,1.51,323,1,1,0,Malicious
10074,0.17,453,1.51,302,1,1,0,Malicious
9792,0.17,434,1.47,292,1,1,0,Malicious
11055,0.17,502,1.43,341,1,1,0,Malicious
4583,0.07,43,15.37,67,0,9,1,Malicious
10012,0.16,469,1.33,319,1,1,0,Malicious
10448,0.17,463,1.41,308,1,1,0,Malicious
10158,0.17,445,1.38,292,1,1,0,Malicious
11077,0.17,504,1.38,337,1,1,0,Malicious
9873,0.16,459,1.38,317,1,1,0,Malicious
7460,0.11,350,12.77,138,0,1,0,Malicious
10689,0.16,535,1.29,383,1,1,0,Malicious
10119,0.16,452,1.5,298,1,1,0,Malicious
9782,0.17,440,1.34,303,1,1,0,Malicious
7496,0.11,348,12.92,130,0,1,0,Malicious
10582,0.17,478,1.43,323,1,1,0,Malicious
9741,0.17,446,1.65,296,1,1,0,Malicious
9602,0.17,418,1.41,275,1,1,0,Malicious
11208,0.16,592,1.24,434,1,1,0,Malicious
9837,0.17,432,1.43,288,1,1,0,Malicious
10615,0.17,480,1.37,316,1,1,0,Malicious
10783,0.17,478,1.37,324,1,1,0,Malicious
10424,0.17,503,1.36,350,1,1,0,Malicious
10864,0.16,516,1.35,364,1,1,0,Malicious
10361,0.17,455,1.32,306,1,1,0,Malicious
12727,0.16,636,1.32,462,1,1,0,Malicious
11659,0.16,610,1.16,441,1,1,0,Malicious
8194,0.1,418,11.85,148,0,1,0,Malicious
11567,0.16,589,1.15,439,1,1,0,Malicious
10576,0.17,478,1.44,319,1,1,0,Malicious
10817,0.17,486,1.42,325,1,1,0,Malicious
10016,0.16,488,1.44,340,1,1,0,Malicious
9841,0.17,440,1.53,293,1,1,0,Malicious
11336,0.16,615,1.28,448,1,1,0,Malicious
10147,0.17,455,1.51,310,1,1,0,Malicious
10504,0.17,468,1.35,315,1,1,0,Malicious
10538,0.16,501,1.4,356,1,1,0,Malicious
10083,0.16,448,1.46,292,1,1,0,Malicious
10225,0.16,495,1.42,350,1,1,0,Malicious
10018,0.17,447,1.52,302,1,1,0,Malicious
11354,0.16,536,1.26,378,1,1,0,Malicious
11148,0.17,516,1.23,362,1,1,0,Malicious
9924,0.16,443,1.53,295,1,1,0,Malicious
4586,0.07,43,15.37,67,0,9,1,Malicious
11311,0.16,519,1.48,354,1,1,0,Malicious
10929,0.16,532,1.38,377,1,1,0,Malicious
10288,0.17,458,1.42,310,1,1,0,Malicious
9672,0.16,459,1.4,316,1,1,0,Malicious
7390,0.11,344,12.84,133,0,1,0,Malicious
11255,0.16,563,1.34,396,1,1,0,Malicious
10614,0.16,492,1.31,345,1,1,0,Malicious
10009,0.16,484,1.26,342,1,1,0,Malicious
9580,0.17,424,1.47,285,1,1,0,Malicious
10548,0.16,517,1.41,365,1,1,0,Malicious
10186,0.17,458,1.54,306,1,1,0,Malicious
10831,0.17,491,1.47,342,1,1,0,Malicious
10945,0.16,552,1.29,404,1,1,0,Malicious
7448,0.11,355,12.5,148,0,1,0,Malicious
11004,0.17,491,1.34,333,1,1,0,Malicious
11595,0.16,555,1.28,397,1,1,0,Malicious
10523,0.16,485,1.3,338,1,1,0,Malicious
11641,0.17,556,1.25,399,1,1,0,Malicious
9717,0.16,472,1.35,337,1,1,0,Malicious
11082,0.16,554,1.4,384,1,1,0,Malicious
10413,0.17,478,1.5,321,1,1,0,Malicious
10430,0.17,462,1.41,309,1,1,0,Malicious
10131,0.17,449,1.48,306,1,1,0,Malicious
10222,0.16,488,1.35,337,1,1,0,Malicious
10492,0.17,466,1.41,320,1,1,0,Malicious
10860,0.16,547,1.2,387,1,1,0,Malicious
10994,0.16,528,1.22,380,1,1,0,Malicious
9719,0.17,428,1.47,285,1,1,0,Malicious
10437,0.16,468,1.44,312,1,1,0,Malicious
7282,0.11,335,12.95,128,0,1,0,Malicious
9928,0.16,464,1.38,318,1,1,0,Malicious
7626,0.11,365,12.53,136,0,1,0,Malicious
10467,0.16,502,1.32,348,1,1,0,Malicious
9871,0.17,442,1.56,291,1,1,0,Malicious
9597,0.17,438,1.33,300,1,1,0,Malicious
7406,0.11,341,13.02,126,0,1,0,Malicious
10219,0.16,463,1.51,307,1,1,0,Malicious
10056,0.17,443,1.5,295,1,1,0,Malicious
10622,0.16,491,1.3,339,1,1,0,Malicious
11102,0.16,563,1.28,403,1,1,0,Malicious
11309,0.16,579,1.23,418,1,1,0,Malicious
10386,0.17,468,1.41,316,1,1,0,Malicious
10775,0.17,489,1.5,327,1,1,0,Malicious
11242,0.16,594,1.24,429,1,1,0,Malicious
10445,0.17,468,1.46,316,1,1,0,Malicious
10383,0.17,455,1.42,313,1,1,0,Malicious
9565,0.17,417,1.44,276,1,1,0,Malicious
11223,0.17,515,1.5,343,1,1,0,Malicious
10291,0.17,466,1.45,314,1,1,0,Malicious
10259,0.16,508,1.26,356,1,1,0,Malicious
10461,0.17,481,1.53,315,1,1,0,Malicious
22342,0.0,1796,1.61,29,0,3,0,Malicious
10747,0.17,500,1.26,352,1,1,0,Malicious
10116,0.17,464,1.52,304,1,1,0,Malicious
10929,0.17,500,1.44,336,1,1,0,Malicious
11264,0.16,546,1.26,388,1,1,0,Malicious
10626,0.16,551,1.3,402,1,1,0,Malicious
10672,0.16,516,1.24,362,1,1,0,Malicious
9716,0.17,433,1.57,289,1,1,0,Malicious
11149,0.16,559,1.23,411,1,1,0,Malicious
11031,0.16,510,1.51,337,1,1,0,Malicious
10557,0.16,494,1.34,347,1,1,0,Malicious
10356,0.17,469,1.43,315,1,1,0,Malicious
10741,0.16,528,1.37,366,1,1,0,Malicious
9887,0.16,473,1.25,331,1,1,0,Malicious
7535,0.11,361,12.47,136,0,1,0,Malicious
11335,0.16,566,1.37,407,1,1,0,Malicious
10516,0.17,474,1.44,325,1,1,0,Malicious
7356,0.11,341,12.88,130,0,1,0,Malicious
10316,0.17,483,1.36,333,1,1,0,Malicious
10206,0.17,465,1.59,309,1,1,0,Malicious
9877,0.17,448,1.59,293,1,1,0,Malicious
8892,0.17,388,1.39,260,1,1,0,Malicious
11170,0.17,512,1.43,350,1,1,0,Malicious
10369,0.17,455,1.33,311,1,1,0,Malicious
10683,0.17,489,1.43,328,1,1,0,Malicious
10776,0.16,519,1.31,364,1,1,0,Malicious
7616,0.11,361,12.66,133,0,1,0,Malicious
9920,0.17,435,1.42,292,1,1,0,Malicious
9570,0.17,415,1.37,277,1,1,0,Malicious
11514,0.16,534,1.48,365,1,1,0,Malicious
10096,0.17,449,1.49,303,1,1,0,Malicious
7471,0.11,348,12.88,132,0,1,0,Malicious
9864,0.16,464,1.3,329,1,1,0,Malicious
10832,0.17,492,1.51,330,1,1,0,Malicious
11639,0.17,530,1.39,360,1,1,0,Malicious
10322,0.16,507,1.38,357,1,1,0,Malicious
10461,0.16,493,1.35,345,1,1,0,Malicious
11227,0.16,554,1.22,399,1,1,0,Malicious
10114,0.16,509,1.24,365,1,1,0,Malicious
10640,0.17,488,1.5,330,1,1,0,Malicious
10459,0.17,463,1.41,314,1,1,0,Malicious
10839,0.16,527,1.33,369,1,1,0,Malicious
9851,0.17,430,1.42,285,1,1,0,Malicious
7591,0.11,356,12.82,131,0,1,0,Malicious
10977,0.17,501,1.44,337,1,1,0,Malicious
10041,0.17,455,1.53,308,1,1,0,Malicious
9921,0.17,462,1.6,307,1,1,0,Malicious
10850,0.17,489,1.43,332,1,1,0,Malicious
10836,0.16,484,1.45,329,1,1,0,Malicious
10364,0.16,508,1.32,351,1,1,0,Malicious
7460,0.11,341,13.17,126,0,1,0,Malicious
9952,0.16,442,1.5,297,1,1,0,Malicious
9814,0.16,435,1.53,283,1,1,0,Malicious
7450,0.11,348,12.81,135,0,1,0,Malicious
10002,0.17,447,1.42,300,1,1,0,Malicious
10933,0.16,578,1.3,423,1,1,0,Malicious
11212,0.16,577,1.25,415,1,1,0,Malicious
7529,0.11,357,12.62,130,0,1,0,Malicious
11380,0.17,518,1.45,355,1,1,0,Malicious
4287,0.16,148,2.78,84,1,1,0,Malicious
4136,0.16,138,2.99,79,1,1,0,Malicious
4216,0.16,148,2.78,81,1,1,0,Malicious
4656,0.16,169,2.54,96,1,1,0,Malicious
4286,0.16,148,2.81,85,1,1,0,Malicious
9323,0.16,443,1.47,295,1,1,0,Malicious
4648,0.16,167,2.56,98,1,1,0,Malicious
4417,0.16,153,2.77,88,1,1,0,Malicious
3898,0.16,133,3.11,71,1,1,0,Malicious
4389,0.16,155,2.65,88,1,1,0,Malicious
4147,0.16,140,3.01,76,1,1,0,Malicious
8100,0.1,455,10.35,175,0,1,0,Malicious
7772,0.11,391,11.85,155,0,1,0,Malicious
7846,0.1,425,10.72,165,0,1,0,Malicious
4470,0.16,158,2.65,90,1,1,0,Malicious
4266,0.16,150,2.73,88,1,1,0,Malicious
4722,0.07,47,14.06,70,0,9,2,Malicious
3929,0.16,131,3.11,70,1,1,0,Malicious
10256,0.16,482,1.38,331,1,1,0,Malicious
7652,0.11,366,12.56,144,0,1,0,Malicious
3636,0.16,118,3.4,64,1,1,0,Malicious
4592,0.16,164,2.59,95,1,1,0,Malicious
4723,0.07,47,14.06,70,0,9,2,Malicious
4058,0.16,138,2.99,79,1,1,0,Malicious
10255,0.16,477,1.39,335,1,1,0,Malicious
4427,0.16,154,2.74,87,1,1,0,Malicious
10361,0.17,464,1.46,314,1,1,0,Malicious
3971,0.16,130,3.24,73,1,1,0,Malicious
4575,0.16,162,2.57,93,1,1,0,Malicious
10812,0.16,529,1.19,379,1,1,0,Malicious
4091,0.16,140,2.94,79,1,1,0,Malicious
10809,0.17,487,1.47,335,1,1,0,Malicious
3596,0.16,119,3.34,62,1,1,0,Malicious
4141,0.16,140,2.94,78,1,1,0,Malicious
4219,0.16,145,2.83,81,1,1,0,Malicious
3975,0.16,134,3.07,77,1,1,0,Malicious
3773,0.16,122,3.32,65,1,1,0,Malicious
4721,0.07,47,14.06,70,0,9,2,Malicious
3835,0.16,127,3.25,71,1,1,0,Malicious
3707,0.16,123,3.25,65,1,1,0,Malicious
9682,0.17,424,1.43,278,1,1,0,Malicious
4174,0.16,144,2.89,78,1,1,0,Malicious
4437,0.16,155,2.73,87,1,1,0,Malicious
4630,0.16,165,2.59,96,1,1,0,Malicious
7984,0.1,438,10.61,162,0,1,0,Malicious
4321,0.16,147,2.82,85,1,1,0,Malicious
3963,0.16,135,3.06,75,1,1,0,Malicious
4373,0.16,154,2.73,90,1,1,0,Malicious
3946,0.16,130,3.14,71,1,1,0,Malicious
8056,0.1,441,10.68,163,0,1,0,Malicious
8050,0.1,436,10.82,161,0,1,0,Malicious
8104,0.1,444,10.68,161,0,1,0,Malicious
4288,0.16,149,2.79,86,1,1,0,Malicious
4315,0.16,150,2.74,85,1,1,0,Malicious
7959,0.1,435,10.65,162,0,1,0,Malicious
11099,0.16,531,1.29,371,1,1,0,Malicious
10384,0.17,466,1.41,312,1,1,0,Malicious
8310,0.1,470,10.34,169,0,1,0,Malicious
7637,0.11,361,12.73,138,0,1,0,Malicious
4360,0.16,151,2.81,84,1,1,0,Malicious
3902,0.16,133,3.04,72,1,1,0,Malicious
4526,0.16,158,2.62,91,1,1,0,Malicious
4268,0.16,148,2.78,82,1,1,0,Malicious
10649,0.17,484,1.45,327,1,1,0,Malicious
4236,0.16,148,2.85,81,1,1,0,Malicious
3850,0.16,127,3.17,70,1,1,0,Malicious
3930,0.16,133,3.23,74,1,1,0,Malicious
4102,0.16,137,2.96,76,1,1,0,Malicious
4167,0.16,143,2.94,78,1,1,0,Malicious
7607,0.11,362,12.61,141,0,1,0,Malicious
4498,0.16,159,2.6,88,1,1,0,Malicious
4720,0.07,47,14.06,70,0,9,2,Malicious
4388,0.16,152,2.74,84,1,1,0,Malicious
10162,0.16,483,1.37,343,1,1,0,Malicious
4247,0.16,147,2.86,82,1,1,0,Malicious
4123,0.16,143,2.92,78,1,1,0,Malicious
8074,0.1,448,10.5,168,0,1,0,Malicious
4318,0.16,149,2.75,84,1,1,0,Malicious
4437,0.16,156,2.69,90,1,1,0,Malicious
10657,0.16,562,1.25,398,1,1,0,Malicious
3998,0.16,135,3.01,73,1,1,0,Malicious
10438,0.17,471,1.48,317,1,1,0,Malicious
3711,0.16,124,3.31,69,1,1,0,Malicious
4056,0.16,140,2.89,79,1,1,0,Malicious
7934,0.1,437,10.53,166,0,1,0,Malicious
4385,0.16,152,2.74,88,1,1,0,Malicious
9957,0.17,443,1.49,298,1,1,0,Malicious
4334,0.16,152,2.73,85,1,1,0,Malicious
10925,0.16,608,1.14,453,1,1,0,Malicious
4306,0.16,149,2.83,84,1,1,0,Malicious
3900,0.16,132,3.02,72,1,1,0,Malicious
4263,0.16,150,2.67,82,1,1,0,Malicious
8106,0.1,441,10.79,161,0,1,0,Malicious
10323,0.16,488,1.4,340,1,1,0,Malicious
4023,0.16,136,2.97,75,1,1,0,Malicious
10997,0.16,516,1.61,346,1,1,0,Malicious
4190,0.16,142,2.89,79,1,1,0,Malicious
4906,0.16,177,2.39,106,1,1,0,Malicious
10047,0.16,467,1.36,324,1,1,0,Malicious
4177,0.16,143,2.85,81,1,1,0,Malicious
13625,0.04,1307,3.58,1470,1,0,0,Malicious
4586,0.16,163,2.58,93,1,1,0,Malicious
4251,0.16,147,2.83,84,1,1,0,Malicious
4385,0.16,152,2.7,83,1,1,0,Malicious
4331,0.16,150,2.75,89,1,1,0,Malicious
11700,0.17,539,1.42,374,1,1,0,Malicious
4227,0.16,144,2.85,82,1,1,0,Malicious
10478,0.16,524,1.26,377,1,1,0,Malicious
4694,0.16,167,2.54,95,1,1,0,Malicious
4137,0.16,140,2.89,77,1,1,0,Malicious
4122,0.16,140,2.89,78,1,1,0,Malicious
7334,0.11,332,13.23,125,0,1,0,Malicious
7397,0.11,349,12.61,139,0,1,0,Malicious
4599,0.16,161,2.58,92,1,1,0,Malicious
4202,0.16,145,2.85,84,1,1,0,Malicious
7659,0.11,364,12.65,131,0,1,0,Malicious
8231,0.1,466,10.29,171,0,1,0,Malicious
10117,0.16,461,1.56,296,1,1,0,Malicious
4417,0.16,158,2.69,90,1,1,0,Malicious
4450,0.16,156,2.72,88,1,1,0,Malicious
4179,0.16,140,2.97,77,1,1,0,Malicious
8026,0.1,443,10.54,165,0,1,0,Malicious
4530,0.16,157,2.64,89,1,1,0,Malicious
4243,0.16,143,2.86,81,1,1,0,Malicious
4452,0.16,156,2.67,88,1,1,0,Malicious
3982,0.16,134,3.03,73,1,1,0,Malicious
4212,0.16,145,2.84,82,1,1,0,Malicious
8007,0.1,438,10.66,162,0,1,0,Malicious
3611,0.16,116,3.41,63,1,1,0,Malicious
4075,0.16,137,2.97,75,1,1,0,Malicious
11633,0.17,522,1.34,365,1,1,0,Malicious
4361,0.16,158,2.7,92,1,1,0,Malicious
4090,0.16,140,3.04,80,1,1,0,Malicious
4334,0.16,152,2.74,86,1,1,0,Malicious
10343,0.17,468,1.51,316,1,1,0,Malicious
8003,0.1,436,10.71,159,0,1,0,Malicious
8050,0.1,449,10.43,173,0,1,0,Malicious
4108,0.16,139,2.94,78,1,1,0,Malicious
4302,0.16,152,2.73,86,1,1,0,Malicious
3941,0.16,132,3.17,72,1,1,0,Malicious
8169,0.1,455,10.49,165,0,1,0,Malicious
6763,0.02,28,175.71,107,0,9,0,Malicious
2571,0.09,36,9.44,7,0,1,0,Malicious
2453,0.09,37,8.95,8,0,1,0,Malicious
6961,0.02,30,163.83,102,0,8,0,Malicious
2566,0.09,36,9.08,7,0,1,0,Malicious
2465,0.09,36,9.53,7,0,1,0,Malicious
2523,0.09,36,9.36,7,0,1,0,Malicious
7086,0.02,26,195.58,102,0,9,0,Malicious
2530,0.09,36,9.33,7,0,1,0,Malicious
2517,0.09,36,9.44,7,0,1,0,Malicious
2421,0.09,36,9.28,7,0,1,0,Malicious
2505,0.09,36,9.22,7,0,1,0,Malicious
6149,0.02,28,162.25,99,0,8,0,Malicious
2507,0.09,36,9.5,7,0,1,0,Malicious
2574,0.09,37,9.35,8,0,1,0,Malicious
2567,0.09,36,9.56,7,0,1,0,Malicious
2524,0.09,36,9.36,7,0,1,0,Malicious
2501,0.09,36,9.56,7,0,1,0,Malicious
2571,0.09,36,9.28,7,0,1,0,Malicious
2553,0.09,36,9.44,7,0,1,0,Malicious
2481,0.09,36,9.39,7,0,1,0,Malicious
2426,0.09,36,9.5,7,0,1,0,Malicious
6830,0.03,30,160.6,102,0,7,0,Malicious
2512,0.09,36,9.53,7,0,1,0,Malicious
2525,0.09,36,9.42,7,0,1,0,Malicious
6089,0.13,245,15.18,89,0,1,0,Malicious
2521,0.09,36,9.56,7,0,1,0,Malicious
2500,0.09,36,9.42,7,0,1,0,Malicious
6088,0.13,250,14.8,90,0,1,0,Malicious
2460,0.09,36,9.5,7,0,1,0,Malicious
6057,0.13,248,14.83,95,0,1,0,Malicious
2495,0.09,37,8.97,8,0,1,0,Malicious
7014,0.02,32,158.28,108,0,8,0,Malicious
7034,0.02,24,207.42,101,0,10,0,Malicious
2470,0.09,36,9.47,7,0,1,0,Malicious
2486,0.09,36,9.33,7,0,1,0,Malicious
2452,0.09,36,9.31,7,0,1,0,Malicious
2516,0.09,36,9.58,7,0,1,0,Malicious
2501,0.09,36,9.42,7,0,1,0,Malicious
2487,0.09,36,9.61,7,0,1,0,Malicious
6344,0.03,28,161.75,98,0,8,0,Malicious
2561,0.09,36,9.56,7,0,1,0,Malicious
6840,0.03,25,193.92,101,0,9,0,Malicious
2483,0.09,36,9.53,7,0,1,0,Malicious
2499,0.09,36,9.58,7,0,1,0,Malicious
2544,0.09,36,9.31,7,0,1,0,Malicious
10182,0.17,452,1.44,304,1,1,0,Malicious
2521,0.09,36,9.36,7,0,1,0,Malicious
3850,0.16,128,3.13,70,1,1,0,Malicious
2544,0.09,36,9.47,7,0,1,0,Malicious
2487,0.09,36,9.31,7,0,1,0,Malicious
2457,0.09,36,9.44,7,0,1,0,Malicious
6569,0.02,28,170.25,96,0,8,0,Malicious
2445,0.09,36,9.44,7,0,1,0,Malicious
2476,0.09,36,9.06,7,0,1,0,Malicious
2447,0.09,37,9.43,8,0,1,0,Malicious
6241,0.12,262,14.55,96,0,1,0,Malicious
6482,0.03,27,168.0,95,0,8,0,Malicious
2539,0.09,36,9.64,7,0,1,0,Malicious
2506,0.09,36,9.31,7,0,1,0,Malicious
2480,0.09,36,9.53,7,0,1,0,Malicious
2491,0.09,36,9.53,7,0,1,0,Malicious
2523,0.09,36,9.75,7,0,1,0,Malicious
2556,0.09,37,9.11,8,0,1,0,Malicious
6880,0.04,27,182.11,95,0,8,0,Malicious
2473,0.09,36,9.11,7,0,1,0,Malicious
7301,0.05,31,165.94,105,0,7,0,Malicious
7621,0.04,27,200.93,108,0,9,0,Malicious
7483,0.02,26,207.19,109,0,9,0,Malicious
2472,0.09,36,9.69,7,0,1,0,Malicious
2501,0.09,36,9.61,7,0,1,0,Malicious
2450,0.09,37,9.11,8,0,1,0,Malicious
2507,0.09,37,9.08,8,0,1,0,Malicious
7382,0.02,26,202.31,102,0,10,0,Malicious
7336,0.04,27,194.41,107,0,10,0,Malicious
2499,0.09,37,9.32,8,0,1,0,Malicious
2528,0.09,36,9.5,7,0,1,0,Malicious
2482,0.09,37,8.95,8,0,1,0,Malicious
2491,0.09,36,9.47,7,0,1,0,Malicious
7120,0.05,27,191.44,98,0,9,0,Malicious
2443,0.09,36,9.28,7,0,1,0,Malicious
2426,0.09,36,9.42,7,0,1,0,Malicious
2489,0.09,36,9.53,7,0,1,0,Malicious
2555,0.09,36,9.56,7,0,1,0,Malicious
2490,0.09,36,9.61,7,0,1,0,Malicious
2513,0.09,36,9.64,7,0,1,0,Malicious
2515,0.09,36,9.33,7,0,1,0,Malicious
2510,0.09,37,9.22,8,0,1,0,Malicious
2505,0.09,36,9.42,7,0,1,0,Malicious
6564,0.02,26,182.19,95,0,9,0,Malicious
2600,0.09,36,9.19,7,0,1,0,Malicious
6996,0.02,29,177.03,112,0,7,0,Malicious
2499,0.09,36,9.28,7,0,1,0,Malicious
6762,0.02,27,181.56,93,0,10,0,Malicious
2450,0.09,36,9.64,7,0,1,0,Malicious
6787,0.04,31,159.87,110,0,8,0,Malicious
6241,0.12,265,14.34,99,0,1,0,Malicious
2550,0.09,36,9.78,7,0,1,0,Malicious
2497,0.09,36,9.47,7,0,1,0,Malicious
2537,0.09,37,9.46,8,0,1,0,Malicious
2471,0.09,36,9.39,7,0,1,0,Malicious
2532,0.09,36,9.42,7,0,1,0,Malicious
2465,0.09,36,9.31,7,0,1,0,Malicious
2497,0.09,36,9.78,7,0,1,0,Malicious
6874,0.03,28,172.61,98,0,9,0,Malicious
2489,0.09,37,9.41,8,0,1,0,Malicious
7159,0.02,28,182.25,104,0,9,0,Malicious
2569,0.09,36,9.36,7,0,1,0,Malicious
2503,0.09,36,9.36,7,0,1,0,Malicious
2480,0.09,36,9.28,7,0,1,0,Malicious
6851,0.03,28,174.25,103,0,8,0,Malicious
6668,0.03,29,164.48,100,0,8,0,Malicious
2500,0.09,37,9.38,8,0,1,0,Malicious
2500,0.09,36,9.19,7,0,1,0,Malicious
2549,0.09,36,9.36,7,0,1,0,Malicious
2435,0.09,36,9.28,7,0,1,0,Malicious
2444,0.09,36,9.33,7,0,1,0,Malicious
2468,0.09,36,9.39,7,0,1,0,Malicious
2516,0.09,37,9.16,8,0,1,0,Malicious
6625,0.03,28,166.07,95,0,8,0,Malicious
2506,0.09,36,9.22,7,0,1,0,Malicious
2436,0.09,37,9.46,8,0,1,0,Malicious
2451,0.09,37,9.11,8,0,1,0,Malicious
2505,0.09,37,9.19,8,0,1,0,Malicious
6932,0.02,27,190.37,95,0,9,0,Malicious
7062,0.05,25,196.16,94,0,10,0,Malicious
7028,0.02,27,190.78,96,0,10,0,Malicious
2512,0.09,36,9.47,7,0,1,0,Malicious
2509,0.09,36,9.56,7,0,1,0,Malicious
7656,0.02,28,196.68,106,0,10,0,Malicious
2500,0.09,36,9.33,7,0,1,0,Malicious
2486,0.09,36,9.5,7,0,1,0,Malicious
2518,0.09,36,9.53,7,0,1,0,Malicious
6618,0.02,28,170.21,102,0,8,0,Malicious
2482,0.09,36,9.11,7,0,1,0,Malicious
7457,0.02,26,208.0,102,0,11,0,Malicious
6142,0.13,255,14.66,95,0,1,0,Malicious
2513,0.09,36,9.58,7,0,1,0,Malicious
6635,0.04,28,170.29,94,0,9,0,Malicious
7167,0.02,23,233.48,100,0,9,0,Malicious
6727,0.03,30,158.5,101,0,8,0,Malicious
7010,0.02,25,201.2,97,0,9,0,Malicious
2450,0.09,36,9.33,7,0,1,0,Malicious
2528,0.09,37,9.14,8,0,1,0,Malicious
2452,0.09,36,9.67,7,0,1,0,Malicious
2506,0.09,37,9.3,8,0,1,0,Malicious
2541,0.09,36,9.39,7,0,1,0,Malicious
7699,0.02,27,208.33,113,0,11,0,Malicious
2548,0.09,36,9.69,7,0,1,0,Malicious
2530,0.09,36,9.39,7,0,1,0,Malicious
2481,0.09,36,9.36,7,0,1,0,Malicious
2483,0.09,37,9.0,8,0,1,0,Malicious
2604,0.08,36,9.19,7,0,1,0,Malicious
7123,0.02,28,183.14,107,0,9,0,Malicious
2408,0.09,36,9.33,7,0,1,0,Malicious
7286,0.04,29,177.24,106,0,9,0,Malicious
2511,0.09,36,9.39,7,0,1,0,Malicious
7422,0.02,27,193.89,99,0,10,0,Malicious
2506,0.09,36,9.69,7,0,1,0,Malicious
2457,0.09,36,9.28,7,0,1,0,Malicious
2617,0.08,36,9.25,7,0,1,0,Malicious
2457,0.09,37,9.11,8,0,1,0,Malicious
7602,0.02,28,198.18,108,0,9,0,Malicious
7594,0.04,26,209.46,109,0,10,0,Malicious
2594,0.09,36,9.64,7,0,1,0,Malicious
2504,0.09,37,9.27,8,0,1,0,Malicious
7565,0.02,24,222.17,103,0,12,0,Malicious
6986,0.03,28,179.46,97,0,7,0,Malicious
2473,0.09,36,9.67,7,0,1,0,Malicious
2500,0.09,36,9.61,7,0,1,0,Malicious
7227,0.02,26,196.58,102,0,10,0,Malicious
7104,0.02,32,162.06,102,0,8,0,Malicious
6030,0.13,241,15.23,85,0,1,0,Malicious
2525,0.09,36,9.58,7,0,1,0,Malicious
2552,0.09,36,9.28,7,0,1,0,Malicious
2503,0.09,36,9.31,7,0,1,0,Malicious
2466,0.09,36,9.19,7,0,1,0,Malicious
6664,0.03,24,200.5,107,0,11,0,Malicious
2582,0.09,36,9.47,7,0,1,0,Malicious
2550,0.09,36,9.58,7,0,1,0,Malicious
2516,0.09,36,9.44,7,0,1,0,Malicious
2473,0.09,36,9.5,7,0,1,0,Malicious
6491,0.03,27,174.11,100,0,8,0,Malicious
2520,0.09,36,9.22,7,0,1,0,Malicious
2512,0.09,36,9.44,7,0,1,0,Malicious
7047,0.02,28,185.61,98,0,8,0,Malicious
2568,0.09,36,9.5,7,0,1,0,Malicious
7397,0.03,25,205.48,103,0,9,0,Malicious
2509,0.09,36,9.53,7,0,1,0,Malicious
2467,0.09,37,9.16,8,0,1,0,Malicious
2498,0.09,37,9.38,8,0,1,0,Malicious
2497,0.09,36,9.19,7,0,1,0,Malicious
2481,0.09,36,9.75,7,0,1,0,Malicious
2571,0.09,36,9.08,7,0,1,0,Malicious
2562,0.09,36,9.61,7,0,1,0,Malicious
7096,0.05,26,194.5,100,0,9,0,Malicious
6808,0.02,27,184.78,96,0,10,0,Malicious
2466,0.09,36,9.67,7,0,1,0,Malicious
2546,0.09,36,9.61,7,0,1,0,Malicious
6673,0.03,28,166.54,96,0,8,0,Malicious
6032,0.13,239,15.4,87,0,1,0,Malicious
2534,0.09,36,9.58,7,0,1,0,Malicious
7244,0.02,29,184.38,106,0,10,0,Malicious
2500,0.09,36,9.75,7,0,1,0,Malicious
2490,0.09,36,9.75,7,0,1,0,Malicious
2528,0.09,37,9.3,8,0,1,0,Malicious
2508,0.09,37,9.49,8,0,1,0,Malicious
7183,0.02,24,212.29,107,0,10,0,Malicious
2574,0.09,36,9.53,7,0,1,0,Malicious
6788,0.02,24,198.38,99,0,10,0,Malicious
2472,0.09,36,9.36,7,0,1,0,Malicious
2503,0.09,36,9.56,7,0,1,0,Malicious
2567,0.09,37,9.35,8,0,1,0,Malicious
7288,0.04,27,193.89,108,0,11,0,Malicious
2483,0.09,36,9.47,7,0,1,0,Malicious
2510,0.09,36,9.47,7,0,1,0,Malicious
2504,0.09,36,9.69,7,0,1,0,Malicious
7132,0.02,27,188.56,102,0,8,0,Malicious
2454,0.09,37,9.32,8,0,1,0,Malicious
2541,0.09,36,9.75,7,0,1,0,Malicious
2487,0.09,36,9.19,7,0,1,0,Malicious
2447,0.09,36,9.31,7,0,1,0,Malicious
6885,0.02,29,167.76,99,0,8,0,Malicious
2501,0.09,36,9.31,7,0,1,0,Malicious
2527,0.09,36,9.92,7,0,1,0,Malicious
2517,0.09,36,9.47,7,0,1,0,Malicious
2582,0.09,36,9.61,7,0,1,0,Malicious
2497,0.09,36,9.61,7,0,1,0,Malicious
2491,0.09,36,9.25,7,0,1,0,Malicious
6886,0.02,29,172.41,103,0,8,0,Malicious
2468,0.09,36,9.42,7,0,1,0,Malicious
2462,0.09,36,9.33,7,0,1,0,Malicious
2391,0.09,37,9.14,8,0,1,0,Malicious
2491,0.09,36,9.36,7,0,1,0,Malicious
2491,0.09,36,9.33,7,0,1,0,Malicious
6928,0.02,28,173.46,106,0,9,0,Malicious
2459,0.09,36,9.5,7,0,1,0,Malicious
2529,0.09,36,9.56,7,0,1,0,Malicious
6976,0.1,338,6.62,84,0,1,0,Malicious
7089,0.1,338,6.75,86,0,1,0,Malicious
7040,0.1,338,6.69,86,0,1,0,Malicious
6991,0.1,338,6.7,84,0,1,0,Malicious
7102,0.1,338,6.81,86,0,1,0,Malicious
7000,0.1,338,6.76,84,0,1,0,Malicious
7176,0.1,338,6.91,86,0,1,0,Malicious
7107,0.1,338,6.78,86,0,1,0,Malicious
7144,0.1,338,6.79,86,0,1,0,Malicious
7085,0.1,338,6.76,86,0,1,0,Malicious
7081,0.1,338,6.77,86,0,1,0,Malicious
7231,0.02,27,191.07,98,0,9,0,Malicious
7121,0.1,338,6.93,86,0,1,0,Malicious
7040,0.1,338,6.73,86,0,1,0,Malicious
2491,0.09,36,9.56,7,0,1,0,Malicious
7061,0.1,338,6.78,84,0,1,0,Malicious
7052,0.1,338,6.77,86,0,1,0,Malicious
7104,0.1,338,6.79,84,0,1,0,Malicious
7113,0.1,338,6.82,86,0,1,0,Malicious
7079,0.1,338,6.75,86,0,1,0,Malicious
7144,0.1,338,7.05,84,0,1,0,Malicious
7089,0.1,338,6.83,86,0,1,0,Malicious
7142,0.1,338,6.9,86,0,1,0,Malicious
7042,0.1,338,6.65,86,0,1,0,Malicious
7021,0.1,338,6.79,84,0,1,0,Malicious
7035,0.1,338,6.83,84,0,1,0,Malicious
7032,0.1,338,6.83,84,0,1,0,Malicious
6973,0.1,338,6.68,84,0,1,0,Malicious
7072,0.1,338,6.75,84,0,1,0,Malicious
7079,0.1,338,6.92,84,0,1,0,Malicious
7041,0.1,338,6.75,84,0,1,0,Malicious
7067,0.1,338,6.68,84,0,1,0,Malicious
7075,0.1,338,6.79,86,0,1,0,Malicious
7165,0.1,338,6.97,84,0,1,0,Malicious
6801,0.1,58,16.62,53,0,3,5,Malicious
6844,0.11,58,16.31,77,0,3,5,Malicious
6940,0.1,59,15.93,67,0,4,5,Malicious
8072,0.1,70,14.27,61,0,4,5,Malicious
6906,0.1,60,15.72,55,0,4,5,Malicious
6998,0.11,60,15.48,69,0,4,5,Malicious
7092,0.1,64,15.05,59,0,4,5,Malicious
7283,0.1,65,14.95,63,0,4,5,Malicious
7101,0.1,61,15.98,63,0,3,5,Malicious
6994,0.1,59,15.97,61,0,3,5,Malicious
10201,0.1,75,13.77,68,0,4,5,Malicious
7380,0.11,66,14.98,66,0,4,5,Malicious
6930,0.1,58,16.43,75,0,3,5,Malicious
9809,0.03,24,385.58,27,1,0,0,Malicious
9857,0.03,26,356.38,29,1,0,0,Malicious
6215,0.11,269,6.68,68,0,1,0,Malicious
6677,0.1,60,16.27,59,0,5,5,Malicious
6176,0.11,269,6.48,68,0,1,0,Malicious
6148,0.11,269,6.49,68,0,1,0,Malicious
6098,0.11,269,6.54,68,0,1,0,Malicious
6202,0.11,269,6.52,68,0,1,0,Malicious
6118,0.11,269,6.41,68,0,1,0,Malicious
9721,0.03,22,418.18,25,1,0,0,Malicious
9960,0.03,23,409.65,26,1,0,0,Malicious
6531,0.11,55,15.04,79,0,4,5,Malicious
6241,0.11,269,6.7,68,0,1,0,Malicious
6138,0.11,269,6.59,68,0,1,0,Malicious
347808,0.0,33,10475.97,3932,0,0,0,Malicious
5952,0.11,232,7.32,62,0,1,0,Malicious
347824,0.0,33,10475.97,3932,0,0,0,Malicious
5901,0.11,232,7.13,62,0,1,0,Malicious
347812,0.0,33,10475.97,3932,0,0,0,Malicious
347820,0.0,33,10475.97,3932,0,0,0,Malicious
5925,0.11,232,7.0,62,0,1,0,Malicious
5824,0.12,232,6.98,62,0,1,0,Malicious
5903,0.11,232,7.08,62,0,1,0,Malicious
5870,0.12,232,6.99,62,0,1,0,Malicious
377,0.05,5,54.2,0,0,0,0,Malicious
427,0.05,5,65.6,0,0,0,0,Malicious
50918,0.0,106,1.57,11,0,0,0,Malicious
49463,0.0,105,1.58,10,0,0,0,Malicious
50229,0.0,105,1.58,10,0,0,0,Malicious
50049,0.0,106,1.57,11,0,0,0,Malicious
52128,0.0,109,1.52,13,0,0,0,Malicious
52112,0.0,110,1.52,13,0,0,0,Malicious
50179,0.0,105,1.58,10,0,0,0,Malicious
50955,0.0,107,1.56,11,0,0,0,Malicious
49935,0.0,106,1.57,11,0,0,0,Malicious
51850,0.0,109,1.52,13,0,0,0,Malicious
53202,0.0,109,1.52,13,0,0,0,Malicious
50306,0.0,106,1.57,11,0,0,0,Malicious
51829,0.0,109,1.52,13,0,0,0,Malicious
50360,0.0,106,1.57,11,0,0,0,Malicious
50243,0.0,106,1.57,11,0,0,0,Malicious
49939,0.0,106,1.57,11,0,0,0,Malicious
50317,0.0,107,1.56,11,0,0,0,Malicious
52137,0.0,109,1.52,13,0,0,0,Malicious
50982,0.0,106,1.57,11,0,0,0,Malicious
50276,0.0,106,1.57,11,0,0,0,Malicious
52068,0.0,109,1.52,13,0,0,0,Malicious
51915,0.0,109,1.52,13,0,0,0,Malicious
51178,0.0,107,1.56,11,0,0,0,Malicious
50228,0.0,105,1.58,10,0,0,0,Malicious
52085,0.0,109,1.52,13,0,0,0,Malicious
50335,0.0,107,1.56,11,0,0,0,Malicious
51999,0.0,110,1.52,13,0,0,0,Malicious
52139,0.0,110,1.52,13,0,0,0,Malicious
53213,0.0,109,1.52,13,0,0,0,Malicious
52090,0.0,109,1.52,13,0,0,0,Malicious
51929,0.0,109,1.52,13,0,0,0,Malicious
49460,0.0,105,1.58,10,0,0,0,Malicious
53227,0.0,109,1.52,13,0,0,0,Malicious
52181,0.0,109,1.52,13,0,0,0,Malicious
51933,0.0,110,1.52,13,0,0,0,Malicious
50362,0.0,106,1.57,11,0,0,0,Malicious
52123,0.0,110,1.52,13,0,0,0,Malicious
51067,0.0,106,1.57,11,0,0,0,Malicious
50897,0.0,106,1.57,11,0,0,0,Malicious
50345,0.0,106,1.57,11,0,0,0,Malicious
52098,0.0,109,1.52,13,0,0,0,Malicious
51917,0.0,109,1.52,13,0,0,0,Malicious
52097,0.0,109,1.52,13,0,0,0,Malicious
52017,0.0,109,1.52,13,0,0,0,Malicious
53147,0.0,109,1.52,13,0,0,0,Malicious
52157,0.0,109,1.52,13,0,0,0,Malicious
50310,0.0,105,1.58,10,0,0,0,Malicious
51963,0.0,109,1.52,13,0,0,0,Malicious
50245,0.0,105,1.58,10,0,0,0,Malicious
51003,0.0,106,1.57,11,0,0,0,Malicious
50186,0.0,105,1.58,10,0,0,0,Malicious
52150,0.0,109,1.52,13,0,0,0,Malicious
52160,0.0,109,1.52,13,0,0,0,Malicious
51978,0.0,110,1.52,13,0,0,0,Malicious
50997,0.0,105,1.58,10,0,0,0,Malicious
51964,0.0,109,1.52,13,0,0,0,Malicious
50160,0.0,105,1.58,10,0,0,0,Malicious
50888,0.0,106,1.57,11,0,0,0,Malicious
52089,0.0,110,1.52,13,0,0,0,Malicious
50330,0.0,107,1.56,11,0,0,0,Malicious
52232,0.0,107,1.56,11,0,0,0,Malicious
174237,0.1,174,1.0,6,0,0,0,Malicious
174986,0.1,0,0.0,10,0,0,0,Malicious
51902,0.0,109,1.52,13,0,0,0,Malicious
173942,0.1,174,1.0,6,0,0,0,Malicious
173459,0.1,174,1.0,6,0,0,0,Malicious
169527,0.1,172,1.0,6,0,0,0,Malicious
169677,0.1,176,1.0,6,0,0,0,Malicious
173911,0.1,174,1.0,6,0,0,0,Malicious
174006,0.1,174,1.0,6,0,0,0,Malicious
173706,0.1,176,1.0,6,0,0,0,Malicious
173522,0.1,174,1.0,6,0,0,0,Malicious
174952,0.1,0,0.0,10,0,0,0,Malicious
174467,0.1,176,1.0,6,0,0,0,Malicious
174657,0.1,172,1.0,6,0,0,0,Malicious
175168,0.1,0,0.0,10,0,0,0,Malicious
174275,0.1,172,1.0,6,0,0,0,Malicious
169771,0.1,174,1.0,6,0,0,0,Malicious
173696,0.1,176,1.0,6,0,0,0,Malicious
174600,0.1,0,0.0,10,0,0,0,Malicious
173662,0.1,174,1.0,6,0,0,0,Malicious
174297,0.1,172,1.0,6,0,0,0,Malicious
174445,0.1,172,1.0,6,0,0,0,Malicious
169230,0.1,172,1.0,6,0,0,0,Malicious
174354,0.1,174,1.0,6,0,0,0,Malicious
173996,0.1,0,0.0,10,0,0,0,Malicious
174142,0.1,0,0.0,10,0,0,0,Malicious
174000,0.1,0,0.0,10,0,0,0,Malicious
169249,0.1,174,1.0,6,0,0,0,Malicious
175121,0.1,0,0.0,10,0,0,0,Malicious
174878,0.1,0,0.0,10,0,0,0,Malicious
8620,0.1,79,13.48,67,0,4,5,Malicious
169428,0.1,172,1.0,6,0,0,0,Malicious
173500,0.1,174,1.0,6,0,0,0,Malicious
174902,0.1,0,0.0,10,0,0,0,Malicious
174188,0.1,0,0.0,10,0,0,0,Malicious
174651,0.1,0,0.0,10,0,0,0,Malicious
174780,0.1,0,0.0,10,0,0,0,Malicious
174695,0.1,172,1.0,6,0,0,0,Malicious
173319,0.1,176,1.0,6,0,0,0,Malicious
174738,0.1,174,1.0,6,0,0,0,Malicious
173947,0.1,0,0.0,10,0,0,0,Malicious
173850,0.1,174,1.0,6,0,0,0,Malicious
174923,0.1,0,0.0,10,0,0,0,Malicious
174929,0.1,0,0.0,10,0,0,0,Malicious
174559,0.1,0,0.0,10,0,0,0,Malicious
10473,0.02,67,53.55,18,0,1,1,Malicious
10497,0.02,63,58.06,18,0,1,0,Malicious
10501,0.02,63,58.13,18,0,1,0,Malicious
10491,0.02,63,57.97,18,0,1,0,Malicious
10482,0.02,67,53.69,18,0,1,1,Malicious
10483,0.02,67,53.7,18,0,1,1,Malicious
10481,0.02,63,57.81,18,0,1,0,Malicious
10489,0.02,63,57.94,18,0,1,0,Malicious
10475,0.02,67,53.58,18,0,1,1,Malicious
10467,0.02,67,53.46,18,0,1,1,Malicious
10493,0.02,67,53.85,18,0,1,1,Malicious
10480,0.02,67,53.66,18,0,1,1,Malicious
10480,0.02,63,57.79,18,0,1,0,Malicious
10474,0.02,67,53.57,18,0,1,1,Malicious
50956,0.0,106,1.57,11,0,0,0,Malicious
10472,0.02,67,53.54,18,0,1,1,Malicious
10466,0.02,67,53.45,18,0,1,1,Malicious
10471,0.02,67,53.52,18,0,1,1,Malicious
174744,0.1,174,1.0,6,0,0,0,Malicious
175027,0.1,0,0.0,10,0,0,0,Malicious
10482,0.02,63,57.83,18,0,1,0,Malicious
10478,0.02,67,53.63,18,0,1,1,Malicious
10502,0.02,63,58.14,18,0,1,0,Malicious
10479,0.02,67,53.64,18,0,1,1,Malicious
10487,0.02,63,57.9,18,0,1,0,Malicious
10488,0.02,67,53.78,18,0,1,1,Malicious
10492,0.02,67,53.84,18,0,1,1,Malicious
10483,0.02,63,57.84,18,0,1,0,Malicious
10505,0.02,63,58.19,18,0,1,0,Malicious
10487,0.02,67,53.76,18,0,1,1,Malicious
10494,0.02,63,58.02,18,0,1,0,Malicious
10484,0.02,63,57.86,18,0,1,0,Malicious
10486,0.02,63,57.89,18,0,1,0,Malicious
10484,0.02,67,53.72,18,0,1,1,Malicious
10494,0.02,67,53.87,18,0,1,1,Malicious
10508,0.02,63,58.24,18,0,1,0,Malicious
10477,0.02,63,57.75,18,0,1,0,Malicious
10468,0.02,67,53.48,18,0,1,1,Malicious
10476,0.02,67,53.6,18,0,1,1,Malicious
10492,0.02,63,57.98,18,0,1,0,Malicious
10500,0.02,63,58.11,18,0,1,0,Malicious
10496,0.02,63,58.05,18,0,1,0,Malicious
10490,0.02,67,53.81,18,0,1,1,Malicious
11748,0.11,725,4.71,42,0,0,0,Malicious
7011,0.11,471,5.58,14,0,0,2,Malicious
10495,0.02,63,58.03,18,0,1,0,Malicious
10491,0.02,67,53.82,18,0,1,1,Malicious
10488,0.02,63,57.92,18,0,1,0,Malicious
10462,0.02,67,53.39,18,0,1,1,Malicious
10486,0.02,67,53.75,18,0,1,1,Malicious
10499,0.02,63,58.1,18,0,1,0,Malicious
10498,0.02,63,58.08,18,0,1,0,Malicious
10469,0.02,67,53.49,18,0,1,1,Malicious
10481,0.02,67,53.67,18,0,1,1,Malicious
10477,0.02,67,53.61,18,0,1,1,Malicious
9688,0.11,466,5.0,47,0,0,3,Malicious
10485,0.02,63,57.87,18,0,1,0,Malicious
10493,0.02,63,58.0,18,0,1,0,Malicious
10479,0.02,63,57.78,18,0,1,0,Malicious
10490,0.02,63,57.95,18,0,1,0,Malicious
13551,0.11,751,5.11,51,0,0,3,Malicious
10470,0.02,67,53.51,18,0,1,1,Malicious
10489,0.02,67,53.79,18,0,1,1,Malicious
10464,0.02,67,53.42,18,0,1,1,Malicious
14549,0.11,744,4.9,60,0,0,3,Malicious
10507,0.02,63,58.22,18,0,1,0,Malicious
10506,0.02,63,58.21,18,0,1,0,Malicious
10509,0.02,63,58.25,18,0,1,0,Malicious
10512,0.02,63,58.3,18,0,1,0,Malicious
10504,0.02,63,58.17,18,0,1,0,Malicious
25158,0.04,164,2.2,141,0,0,0,Malicious
24073,0.04,154,2.34,127,0,0,0,Malicious
38039,0.01,243,139.5,137,0,1,1,Malicious
26066,0.04,170,2.12,139,0,0,0,Malicious
48619,0.04,1029,0.36,144,0,0,0,Malicious
27240,0.1,1507,6.0,168,0,0,0,Malicious
25824,0.04,161,2.15,134,0,0,0,Malicious
52778,0.04,1118,0.34,157,0,0,0,Malicious
49927,0.04,1062,0.35,144,0,0,0,Malicious
48622,0.04,1037,0.36,144,0,0,0,Malicious
